path,model_score,cost_on_original,facilities,RAU
../output/patients/utility2/input/train.json,233511024.80104956,233511024.80104983,"[2, 3, 5, 9, 16, 17, 22, 23, 29, 33]",1.0
../output/patients/utility2/Anonymized/0/1_2_2_0.json,259651655.01255643,237327550.21606696,"[3, 22, 23, 25, 30, 32, 33, 38, 42, 49]",1.01634409089793
../output/patients/utility2/Anonymized/0/1_3_0_5.json,240404585.11286747,237327550.21606696,"[3, 22, 23, 25, 30, 32, 33, 38, 42, 49]",1.01634409089793
../output/patients/utility2/Anonymized/0/0_2_1_4.json,243220839.60591215,236267454.2901206,"[2, 3, 5, 16, 17, 22, 23, 25, 29, 33]",1.0118042798682385
../output/patients/utility2/Anonymized/0/1_0_2_3.json,232397037.2604897,233511024.80104983,"[2, 3, 5, 9, 16, 17, 22, 23, 29, 33]",1.0
../output/patients/utility2/Anonymized/0/0_5_2_2.json,250306777.9151014,233511024.80104983,"[2, 3, 5, 9, 16, 17, 22, 23, 29, 33]",1.0
../output/patients/utility2/Anonymized/0/0_2_0_2.json,247124682.6223652,234252782.0946046,"[3, 5, 9, 16, 17, 22, 23, 33, 42, 49]",1.003176540782975
../output/patients/utility2/Anonymized/0/0_4_1_1.json,251479593.49580535,234938049.0898489,"[3, 9, 16, 17, 22, 23, 32, 33, 42, 49]",1.0061111645157435
../output/patients/utility2/Anonymized/0/0_1_2_4.json,248903406.210994,237351664.97847515,"[2, 3, 16, 17, 22, 23, 25, 29, 32, 33]",1.016447361235717
../output/patients/utility2/Anonymized/0/1_3_1_3.json,230586233.26106936,233511024.80104983,"[2, 3, 5, 9, 16, 17, 22, 23, 29, 33]",1.0
../output/patients/utility2/Anonymized/0/1_5_0_0.json,258058641.59943593,237327550.21606696,"[3, 22, 23, 25, 30, 32, 33, 38, 42, 49]",1.01634409089793
../output/patients/utility2/Anonymized/0/1_4_2_5.json,249931300.7111402,237553497.03039983,"[3, 16, 17, 22, 23, 25, 32, 33, 42, 49]",1.0173116975217515
../output/patients/utility2/Anonymized/0/1_1_0_2.json,246609442.47036394,234252782.0946046,"[3, 5, 9, 16, 17, 22, 23, 33, 42, 49]",1.003176540782975
../output/patients/utility2/Anonymized/0/0_4_0_3.json,232525690.04219186,233511024.80104983,"[2, 3, 5, 9, 16, 17, 22, 23, 29, 33]",1.0
../output/patients/utility2/Anonymized/0/1_2_2_4.json,245352041.9189595,237553497.03039983,"[3, 16, 17, 22, 23, 25, 32, 33, 42, 49]",1.0173116975217515
../output/patients/utility2/Anonymized/0/0_0_1_3.json,252520442.01100123,234252782.0946046,"[3, 5, 9, 16, 17, 22, 23, 33, 42, 49]",1.003176540782975
../output/patients/utility2/Anonymized/0/1_3_0_1.json,256967598.24961287,236048259.03782734,"[3, 16, 22, 23, 30, 32, 33, 38, 42, 49]",1.010865586491855
../output/patients/utility2/Anonymized/0/1_5_1_2.json,241041418.1255179,233511024.80104983,"[2, 3, 5, 9, 16, 17, 22, 23, 29, 33]",1.0
../output/patients/utility2/Anonymized/0/0_0_0_5.json,242358206.54863083,235283385.7577873,"[3, 16, 17, 19, 22, 23, 32, 33, 42, 49]",1.0075900525820891
../output/patients/utility2/Anonymized/0/1_5_0_4.json,251176671.25219163,237327550.21606696,"[3, 22, 23, 25, 30, 32, 33, 38, 42, 49]",1.01634409089793
../output/patients/utility2/Anonymized/0/1_4_2_1.json,239748371.19786444,233511024.80104983,"[2, 3, 5, 9, 16, 17, 22, 23, 29, 33]",1.0
../output/patients/utility2/Anonymized/0/1_1_1_4.json,239591630.28560853,237327550.21606696,"[3, 22, 23, 25, 30, 32, 33, 38, 42, 49]",1.01634409089793
../output/patients/utility2/Anonymized/0/0_3_2_3.json,240127319.12180182,233511024.80104983,"[2, 3, 5, 9, 16, 17, 22, 23, 29, 33]",1.0
../output/patients/utility2/Anonymized/0/0_4_1_5.json,245155235.60045308,237553497.03039983,"[3, 16, 17, 22, 23, 25, 32, 33, 42, 49]",1.0173116975217515
../output/patients/utility2/Anonymized/0/0_5_0_2.json,238822601.27329767,233511024.80104983,"[2, 3, 5, 9, 16, 17, 22, 23, 29, 33]",1.0
../output/patients/utility2/Anonymized/0/1_0_0_3.json,242502474.85523513,233511024.80104983,"[2, 3, 5, 9, 16, 17, 22, 23, 29, 33]",1.0
../output/patients/utility2/Anonymized/0/0_3_1_1.json,257879302.4172761,237327550.21606696,"[3, 22, 23, 25, 30, 32, 33, 38, 42, 49]",1.01634409089793
../output/patients/utility2/Anonymized/0/1_4_1_3.json,231378423.26083222,233511024.80104983,"[2, 3, 5, 9, 16, 17, 22, 23, 29, 33]",1.0
../output/patients/utility2/Anonymized/0/1_3_2_5.json,246970360.79888505,237327550.21606696,"[3, 22, 23, 25, 30, 32, 33, 38, 42, 49]",1.01634409089793
../output/patients/utility2/Anonymized/0/0_1_1_2.json,255256810.29659918,236048259.03782734,"[3, 16, 22, 23, 30, 32, 33, 38, 42, 49]",1.010865586491855
../output/patients/utility2/Anonymized/0/1_4_0_5.json,242227124.79732338,237327550.21606696,"[3, 22, 23, 25, 30, 32, 33, 38, 42, 49]",1.01634409089793
../output/patients/utility2/Anonymized/0/1_5_2_0.json,255512928.71093786,235362992.04258308,"[3, 5, 16, 22, 23, 30, 33, 38, 42, 49]",1.0079309627590864
../output/patients/utility2/Anonymized/0/0_1_0_4.json,242589594.75793794,237327550.21606696,"[3, 22, 23, 25, 30, 32, 33, 38, 42, 49]",1.01634409089793
../output/patients/utility2/Anonymized/0/0_5_1_4.json,256341883.64724824,237327550.21606696,"[3, 22, 23, 25, 30, 32, 33, 38, 42, 49]",1.01634409089793
../output/patients/utility2/Anonymized/0/1_0_1_5.json,240004315.0968891,237327550.21606696,"[3, 22, 23, 25, 30, 32, 33, 38, 42, 49]",1.01634409089793
../output/patients/utility2/Anonymized/0/0_2_2_2.json,239137380.5956875,233511024.80104983,"[2, 3, 5, 9, 16, 17, 22, 23, 29, 33]",1.0
../output/patients/utility2/Anonymized/0/1_3_2_1.json,246862559.5496251,234252782.0946046,"[3, 5, 9, 16, 17, 22, 23, 33, 42, 49]",1.003176540782975
../output/patients/utility2/Anonymized/0/1_2_0_4.json,239775359.7153927,237351664.97847515,"[2, 3, 16, 17, 22, 23, 25, 29, 32, 33]",1.016447361235717
../output/patients/utility2/Anonymized/0/0_4_2_3.json,241151604.441512,233511024.80104983,"[2, 3, 5, 9, 16, 17, 22, 23, 29, 33]",1.0
../output/patients/utility2/Anonymized/0/0_3_1_5.json,243495363.0310103,237327550.21606696,"[3, 22, 23, 25, 30, 32, 33, 38, 42, 49]",1.01634409089793
../output/patients/utility2/Anonymized/0/1_1_2_2.json,239057672.5604847,233511024.80104983,"[2, 3, 5, 9, 16, 17, 22, 23, 29, 33]",1.0
../output/patients/utility2/Anonymized/0/0_5_1_0.json,259938048.29894933,237327550.21606696,"[3, 22, 23, 25, 30, 32, 33, 38, 42, 49]",1.01634409089793
../output/patients/utility2/Anonymized/0/0_3_0_3.json,230098318.03772846,233511024.80104983,"[2, 3, 5, 9, 16, 17, 22, 23, 29, 33]",1.0
../output/patients/utility2/Anonymized/0/1_0_1_1.json,260426823.83990505,237327550.21606696,"[3, 22, 23, 25, 30, 32, 33, 38, 42, 49]",1.01634409089793
../output/patients/utility2/Anonymized/0/1_4_0_1.json,244900529.73277348,234252782.0946046,"[3, 5, 9, 16, 17, 22, 23, 33, 42, 49]",1.003176540782975
../output/patients/utility2/Anonymized/0/1_5_2_4.json,259484287.23557734,237351664.97847515,"[2, 3, 16, 17, 22, 23, 25, 29, 32, 33]",1.016447361235717
../output/patients/utility2/Anonymized/0/0_0_2_5.json,252331411.09855592,237327550.21606696,"[3, 22, 23, 25, 30, 32, 33, 38, 42, 49]",1.01634409089793
../output/patients/utility2/Anonymized/0/1_2_1_2.json,232767369.33007565,233511024.80104983,"[2, 3, 5, 9, 16, 17, 22, 23, 29, 33]",1.0
../output/patients/utility2/Anonymized/0/0_5_0_3.json,245471626.68554482,233511024.80104983,"[2, 3, 5, 9, 16, 17, 22, 23, 29, 33]",1.0
../output/patients/utility2/Anonymized/0/0_3_1_0.json,260735719.28337026,237327550.21606696,"[3, 22, 23, 25, 30, 32, 33, 38, 42, 49]",1.01634409089793
../output/patients/utility2/Anonymized/0/1_0_0_2.json,259543311.55461678,235283385.7577873,"[3, 16, 17, 19, 22, 23, 32, 33, 42, 49]",1.0075900525820891
../output/patients/utility2/Anonymized/0/1_4_1_2.json,227361302.51568943,233511024.80104983,"[2, 3, 5, 9, 16, 17, 22, 23, 29, 33]",1.0
../output/patients/utility2/Anonymized/0/1_2_0_1.json,257563836.48841432,237327550.21606696,"[3, 22, 23, 25, 30, 32, 33, 38, 42, 49]",1.01634409089793
../output/patients/utility2/Anonymized/0/0_1_1_3.json,223463029.2366323,233511024.80104983,"[2, 3, 5, 9, 16, 17, 22, 23, 29, 33]",1.0
../output/patients/utility2/Anonymized/0/1_3_2_4.json,247121776.34888747,237553497.03039983,"[3, 16, 17, 22, 23, 25, 32, 33, 42, 49]",1.0173116975217515
../output/patients/utility2/Anonymized/0/1_5_2_1.json,242482606.92880625,236694952.18466946,"[2, 3, 5, 9, 16, 17, 19, 22, 29, 33]",1.0136350195299444
../output/patients/utility2/Anonymized/0/1_4_0_4.json,239660789.32191062,237553497.03039983,"[3, 16, 17, 22, 23, 25, 32, 33, 42, 49]",1.0173116975217515
../output/patients/utility2/Anonymized/0/0_1_0_5.json,243580854.64834043,237327550.21606696,"[3, 22, 23, 25, 30, 32, 33, 38, 42, 49]",1.01634409089793
../output/patients/utility2/Anonymized/0/0_5_1_5.json,256518251.72887668,235283385.7577873,"[3, 16, 17, 19, 22, 23, 32, 33, 42, 49]",1.0075900525820891
../output/patients/utility2/Anonymized/0/0_2_2_3.json,238261298.3576619,233511024.80104983,"[2, 3, 5, 9, 16, 17, 22, 23, 29, 33]",1.0
../output/patients/utility2/Anonymized/0/1_0_1_4.json,239386908.17223823,237327550.21606696,"[3, 22, 23, 25, 30, 32, 33, 38, 42, 49]",1.01634409089793
../output/patients/utility2/Anonymized/0/1_2_0_5.json,240354362.63962856,237327550.21606696,"[3, 22, 23, 25, 30, 32, 33, 38, 42, 49]",1.01634409089793
../output/patients/utility2/Anonymized/0/1_3_2_0.json,263412611.13704193,236048259.03782734,"[3, 16, 22, 23, 30, 32, 33, 38, 42, 49]",1.010865586491855
../output/patients/utility2/Anonymized/0/0_4_2_2.json,234962821.76231694,233511024.80104983,"[2, 3, 5, 9, 16, 17, 22, 23, 29, 33]",1.0
../output/patients/utility2/Anonymized/0/1_1_2_3.json,236330969.07686716,233511024.80104983,"[2, 3, 5, 9, 16, 17, 22, 23, 29, 33]",1.0
../output/patients/utility2/Anonymized/0/0_3_1_4.json,242789118.05147493,237327550.21606696,"[3, 22, 23, 25, 30, 32, 33, 38, 42, 49]",1.01634409089793
../output/patients/utility2/Anonymized/0/0_5_1_1.json,247350630.98599592,234252782.0946046,"[3, 5, 9, 16, 17, 22, 23, 33, 42, 49]",1.003176540782975
../output/patients/utility2/Anonymized/0/0_3_0_2.json,235471195.68588468,233511024.80104983,"[2, 3, 5, 9, 16, 17, 22, 23, 29, 33]",1.0
../output/patients/utility2/Anonymized/0/1_4_0_0.json,260276682.52346084,237327550.21606696,"[3, 22, 23, 25, 30, 32, 33, 38, 42, 49]",1.01634409089793
../output/patients/utility2/Anonymized/0/0_1_0_1.json,259658939.4091101,237327550.21606696,"[3, 22, 23, 25, 30, 32, 33, 38, 42, 49]",1.01634409089793
../output/patients/utility2/Anonymized/0/1_2_1_3.json,229103417.96795493,233511024.80104983,"[2, 3, 5, 9, 16, 17, 22, 23, 29, 33]",1.0
../output/patients/utility2/Anonymized/0/0_0_2_4.json,249451908.7766,238761270.1259696,"[3, 11, 16, 17, 22, 25, 32, 33, 42, 49]",1.0224839290966794
../output/patients/utility2/Anonymized/0/1_3_0_4.json,239306931.54084954,237125718.1641423,"[2, 3, 22, 23, 25, 29, 30, 32, 33, 38]",1.0154797546118954
../output/patients/utility2/Anonymized/0/1_2_2_1.json,256323069.29377246,236868230.0351556,"[3, 5, 16, 17, 22, 23, 25, 33, 42, 49]",1.0143770737889832
../output/patients/utility2/Anonymized/0/1_0_2_2.json,258372946.39721996,237327550.21606696,"[3, 22, 23, 25, 30, 32, 33, 38, 42, 49]",1.01634409089793
../output/patients/utility2/Anonymized/0/0_2_1_5.json,243483094.58827955,237327550.21606696,"[3, 22, 23, 25, 30, 32, 33, 38, 42, 49]",1.01634409089793
../output/patients/utility2/Anonymized/0/0_5_2_3.json,253835166.2686158,233511024.80104983,"[2, 3, 5, 9, 16, 17, 22, 23, 29, 33]",1.0
../output/patients/utility2/Anonymized/0/1_1_1_1.json,259156457.02185878,237553497.03039983,"[3, 16, 17, 22, 23, 25, 32, 33, 42, 49]",1.0173116975217515
../output/patients/utility2/Anonymized/0/0_2_0_3.json,224972399.93189615,233511024.80104983,"[2, 3, 5, 9, 16, 17, 22, 23, 29, 33]",1.0
../output/patients/utility2/Anonymized/0/0_4_1_0.json,259468324.03848472,237327550.21606696,"[3, 22, 23, 25, 30, 32, 33, 38, 42, 49]",1.01634409089793
../output/patients/utility2/Anonymized/0/1_3_1_2.json,227249026.86907718,233511024.80104983,"[2, 3, 5, 9, 16, 17, 22, 23, 29, 33]",1.0
../output/patients/utility2/Anonymized/0/0_1_2_5.json,250857812.3925824,235283385.7577873,"[3, 16, 17, 19, 22, 23, 32, 33, 42, 49]",1.0075900525820891
../output/patients/utility2/Anonymized/0/1_4_2_4.json,247691404.09410876,237327550.21606696,"[3, 22, 23, 25, 30, 32, 33, 38, 42, 49]",1.01634409089793
../output/patients/utility2/Anonymized/0/1_5_0_1.json,241886166.90632933,233511024.80104983,"[2, 3, 5, 9, 16, 17, 22, 23, 29, 33]",1.0
../output/patients/utility2/Anonymized/0/0_2_1_1.json,259385020.78185678,235283385.7577873,"[3, 16, 17, 19, 22, 23, 32, 33, 42, 49]",1.0075900525820891
../output/patients/utility2/Anonymized/0/1_1_0_3.json,225134636.5938721,233511024.80104983,"[2, 3, 5, 9, 16, 17, 22, 23, 29, 33]",1.0
../output/patients/utility2/Anonymized/0/0_4_0_2.json,229839207.06781566,233511024.80104983,"[2, 3, 5, 9, 16, 17, 22, 23, 29, 33]",1.0
../output/patients/utility2/Anonymized/0/1_3_0_0.json,259292137.07677567,237327550.21606696,"[3, 22, 23, 25, 30, 32, 33, 38, 42, 49]",1.01634409089793
../output/patients/utility2/Anonymized/0/0_0_1_2.json,259976564.72601673,237327550.21606696,"[3, 22, 23, 25, 30, 32, 33, 38, 42, 49]",1.01634409089793
../output/patients/utility2/Anonymized/0/1_2_2_5.json,248007418.06489462,237327550.21606696,"[3, 22, 23, 25, 30, 32, 33, 38, 42, 49]",1.01634409089793
../output/patients/utility2/Anonymized/0/1_5_1_3.json,243955890.9700975,233511024.80104983,"[2, 3, 5, 9, 16, 17, 22, 23, 29, 33]",1.0
../output/patients/utility2/Anonymized/0/0_0_0_4.json,237282492.25941345,235993743.9732632,"[3, 9, 11, 16, 17, 22, 32, 33, 42, 49]",1.0106321282874273
../output/patients/utility2/Anonymized/0/0_1_2_1.json,259223582.87071043,237327550.21606696,"[3, 22, 23, 25, 30, 32, 33, 38, 42, 49]",1.01634409089793
../output/patients/utility2/Anonymized/0/1_4_2_0.json,259097448.51881164,237327550.21606696,"[3, 22, 23, 25, 30, 32, 33, 38, 42, 49]",1.01634409089793
../output/patients/utility2/Anonymized/0/1_5_0_5.json,252057387.67657197,237327550.21606696,"[3, 22, 23, 25, 30, 32, 33, 38, 42, 49]",1.01634409089793
../output/patients/utility2/Anonymized/0/0_3_2_2.json,233325071.25568727,233511024.80104983,"[2, 3, 5, 9, 16, 17, 22, 23, 29, 33]",1.0
../output/patients/utility2/Anonymized/0/1_1_1_5.json,240060164.2543352,237327550.21606696,"[3, 22, 23, 25, 30, 32, 33, 38, 42, 49]",1.01634409089793
../output/patients/utility2/Anonymized/0/0_4_1_4.json,243393878.25182205,237553497.03039983,"[3, 16, 17, 22, 23, 25, 32, 33, 42, 49]",1.0173116975217515
../output/patients/utility2/Anonymized/0/0_3_1_2.json,232912011.95945337,233511024.80104983,"[2, 3, 5, 9, 16, 17, 22, 23, 29, 33]",1.0
../output/patients/utility2/Anonymized/0/1_1_2_5.json,246335235.6167835,237327550.21606696,"[3, 22, 23, 25, 30, 32, 33, 38, 42, 49]",1.01634409089793
../output/patients/utility2/Anonymized/0/0_4_2_4.json,250672667.48416796,237351664.97847515,"[2, 3, 16, 17, 22, 23, 25, 29, 32, 33]",1.016447361235717
../output/patients/utility2/Anonymized/0/0_5_0_1.json,247419228.6943257,233511024.80104983,"[2, 3, 5, 9, 16, 17, 22, 23, 29, 33]",1.0
../output/patients/utility2/Anonymized/0/0_1_1_1.json,259347101.17988878,237327550.21606696,"[3, 22, 23, 25, 30, 32, 33, 38, 42, 49]",1.01634409089793
../output/patients/utility2/Anonymized/0/1_2_0_3.json,227628580.29815537,233511024.80104983,"[2, 3, 5, 9, 16, 17, 22, 23, 29, 33]",1.0
../output/patients/utility2/Anonymized/0/1_4_1_0.json,259987975.0021671,237327550.21606696,"[3, 22, 23, 25, 30, 32, 33, 38, 42, 49]",1.01634409089793
../output/patients/utility2/Anonymized/0/0_0_2_2.json,259555928.1702918,237327550.21606696,"[3, 22, 23, 25, 30, 32, 33, 38, 42, 49]",1.01634409089793
../output/patients/utility2/Anonymized/0/1_2_1_5.json,240095181.90472734,237327550.21606696,"[3, 22, 23, 25, 30, 32, 33, 38, 42, 49]",1.01634409089793
../output/patients/utility2/Anonymized/0/1_5_2_3.json,250391241.4319054,233511024.80104983,"[2, 3, 5, 9, 16, 17, 22, 23, 29, 33]",1.0
../output/patients/utility2/Anonymized/0/0_3_0_4.json,243361739.47513464,237327550.21606696,"[3, 22, 23, 25, 30, 32, 33, 38, 42, 49]",1.01634409089793
../output/patients/utility2/Anonymized/0/0_2_2_1.json,259973416.0217587,237553497.03039983,"[3, 16, 17, 22, 23, 25, 32, 33, 42, 49]",1.0173116975217515
../output/patients/utility2/Anonymized/0/1_3_2_2.json,234952113.8820852,233511024.80104983,"[2, 3, 5, 9, 16, 17, 22, 23, 29, 33]",1.0
../output/patients/utility2/Anonymized/0/0_1_1_5.json,243387000.46603504,237327550.21606696,"[3, 22, 23, 25, 30, 32, 33, 38, 42, 49]",1.01634409089793
../output/patients/utility2/Anonymized/0/1_4_1_4.json,240713850.89416295,237553497.03039983,"[3, 16, 17, 22, 23, 25, 32, 33, 42, 49]",1.0173116975217515
../output/patients/utility2/Anonymized/0/1_0_0_4.json,238060082.62056914,237553497.03039983,"[3, 16, 17, 22, 23, 25, 32, 33, 42, 49]",1.0173116975217515
../output/patients/utility2/Anonymized/0/1_1_2_1.json,259148756.91340846,237327550.21606696,"[3, 22, 23, 25, 30, 32, 33, 38, 42, 49]",1.01634409089793
../output/patients/utility2/Anonymized/0/0_4_2_0.json,260288365.1640597,237553497.03039983,"[3, 16, 17, 22, 23, 25, 32, 33, 42, 49]",1.0173116975217515
../output/patients/utility2/Anonymized/0/0_5_0_5.json,256023999.63365284,237327550.21606696,"[3, 22, 23, 25, 30, 32, 33, 38, 42, 49]",1.01634409089793
../output/patients/utility2/Anonymized/0/0_3_0_0.json,260024686.09035367,237327550.21606696,"[3, 22, 23, 25, 30, 32, 33, 38, 42, 49]",1.01634409089793
../output/patients/utility2/Anonymized/0/1_0_1_2.json,258654903.7727197,237327550.21606696,"[3, 22, 23, 25, 30, 32, 33, 38, 42, 49]",1.01634409089793
../output/patients/utility2/Anonymized/0/0_2_2_5.json,249450299.4294623,235283385.7577873,"[3, 16, 17, 19, 22, 23, 32, 33, 42, 49]",1.0075900525820891
../output/patients/utility2/Anonymized/0/0_5_1_3.json,246612372.0101485,233511024.80104983,"[2, 3, 5, 9, 16, 17, 22, 23, 29, 33]",1.0
../output/patients/utility2/Anonymized/0/1_2_1_1.json,257133429.52324635,237327550.21606696,"[3, 22, 23, 25, 30, 32, 33, 38, 42, 49]",1.01634409089793
../output/patients/utility2/Anonymized/0/0_1_0_3.json,226420344.9605736,233511024.80104983,"[2, 3, 5, 9, 16, 17, 22, 23, 29, 33]",1.0
../output/patients/utility2/Anonymized/0/1_4_0_2.json,226472692.64268437,233511024.80104983,"[2, 3, 5, 9, 16, 17, 22, 23, 29, 33]",1.0
../output/patients/utility2/Anonymized/0/1_5_1_5.json,253834227.1488305,237327550.21606696,"[3, 22, 23, 25, 30, 32, 33, 38, 42, 49]",1.01634409089793
../output/patients/utility2/Anonymized/0/1_2_2_3.json,236653861.72197324,233511024.80104983,"[2, 3, 5, 9, 16, 17, 22, 23, 29, 33]",1.0
../output/patients/utility2/Anonymized/0/0_0_1_4.json,241767813.22160852,237473709.46307102,"[2, 3, 8, 11, 16, 17, 22, 29, 32, 33]",1.016970011010818
../output/patients/utility2/Anonymized/0/0_5_2_1.json,245788099.96448478,233511024.80104983,"[2, 3, 5, 9, 16, 17, 22, 23, 29, 33]",1.0
../output/patients/utility2/Anonymized/0/0_4_0_4.json,242877472.56429556,235283385.7577873,"[3, 16, 17, 19, 22, 23, 32, 33, 42, 49]",1.0075900525820891
../output/patients/utility2/Anonymized/0/1_1_0_5.json,239015653.0611262,237327550.21606696,"[3, 22, 23, 25, 30, 32, 33, 38, 42, 49]",1.01634409089793
../output/patients/utility2/Anonymized/0/0_4_1_2.json,230538798.50692466,233511024.80104983,"[2, 3, 5, 9, 16, 17, 22, 23, 29, 33]",1.0
../output/patients/utility2/Anonymized/0/0_2_0_1.json,259297768.3264407,237327550.21606696,"[3, 22, 23, 25, 30, 32, 33, 38, 42, 49]",1.01634409089793
../output/patients/utility2/Anonymized/0/1_1_1_3.json,225996523.2417833,233511024.80104983,"[2, 3, 5, 9, 16, 17, 22, 23, 29, 33]",1.0
../output/patients/utility2/Anonymized/0/0_3_2_4.json,250372905.03708315,237553497.03039983,"[3, 16, 17, 22, 23, 25, 32, 33, 42, 49]",1.0173116975217515
../output/patients/utility2/Anonymized/0/1_5_0_3.json,243246574.70711532,233511024.80104983,"[2, 3, 5, 9, 16, 17, 22, 23, 29, 33]",1.0
../output/patients/utility2/Anonymized/0/1_3_1_0.json,260216767.7837916,237327550.21606696,"[3, 22, 23, 25, 30, 32, 33, 38, 42, 49]",1.01634409089793
../output/patients/utility2/Anonymized/0/0_0_0_2.json,259922518.96053952,237327550.21606696,"[3, 22, 23, 25, 30, 32, 33, 38, 42, 49]",1.01634409089793
../output/patients/utility2/Anonymized/0/0_5_2_5.json,263288697.52207687,237327550.21606696,"[3, 22, 23, 25, 30, 32, 33, 38, 42, 49]",1.01634409089793
../output/patients/utility2/Anonymized/0/0_4_0_0.json,260602045.71417746,237327550.21606696,"[3, 22, 23, 25, 30, 32, 33, 38, 42, 49]",1.01634409089793
../output/patients/utility2/Anonymized/0/1_1_0_1.json,259712417.90948138,237553497.03039983,"[3, 16, 17, 22, 23, 25, 32, 33, 42, 49]",1.0173116975217515
../output/patients/utility2/Anonymized/0/0_2_1_3.json,227569218.98947114,233511024.80104983,"[2, 3, 5, 9, 16, 17, 22, 23, 29, 33]",1.0
../output/patients/utility2/Anonymized/0/1_0_2_4.json,246111969.73095843,237327550.21606696,"[3, 22, 23, 25, 30, 32, 33, 38, 42, 49]",1.01634409089793
../output/patients/utility2/Anonymized/0/1_5_1_1.json,240911257.84498012,233511024.80104983,"[2, 3, 5, 9, 16, 17, 22, 23, 29, 33]",1.0
../output/patients/utility2/Anonymized/0/1_3_0_2.json,227615646.05755028,233511024.80104983,"[2, 3, 5, 9, 16, 17, 22, 23, 29, 33]",1.0
../output/patients/utility2/Anonymized/0/1_4_2_2.json,236405685.929903,233511024.80104983,"[2, 3, 5, 9, 16, 17, 22, 23, 29, 33]",1.0
../output/patients/utility2/Anonymized/0/0_1_2_3.json,234090151.50706464,233511024.80104983,"[2, 3, 5, 9, 16, 17, 22, 23, 29, 33]",1.0
../output/patients/utility2/Anonymized/0/1_3_1_4.json,239165454.57682538,236041507.47578782,"[2, 3, 5, 22, 23, 25, 29, 30, 33, 38]",1.0108366732444172
../output/patients/utility2/Anonymized/0/0_2_0_5.json,243755754.38270712,237327550.21606696,"[3, 22, 23, 25, 30, 32, 33, 38, 42, 49]",1.01634409089793
../output/patients/utility2/Anonymized/0/0_3_2_0.json,262495296.4529982,237553497.03039983,"[3, 16, 17, 22, 23, 25, 32, 33, 42, 49]",1.0173116975217515
../output/patients/utility2/Anonymized/0/1_5_1_4.json,252234096.90021232,235081553.7058626,"[2, 3, 16, 17, 19, 22, 23, 29, 32, 33]",1.0067257162960543
../output/patients/utility2/Anonymized/0/0_0_1_5.json,242724536.74978897,237327550.21606696,"[3, 22, 23, 25, 30, 32, 33, 38, 42, 49]",1.01634409089793
../output/patients/utility2/Anonymized/0/1_2_2_2.json,232882387.32739612,233511024.80104983,"[2, 3, 5, 9, 16, 17, 22, 23, 29, 33]",1.0
../output/patients/utility2/Anonymized/0/0_4_0_5.json,244181387.18343076,237327550.21606696,"[3, 22, 23, 25, 30, 32, 33, 38, 42, 49]",1.01634409089793
../output/patients/utility2/Anonymized/0/0_5_2_0.json,257711957.0329774,236642283.22082272,"[3, 5, 22, 23, 25, 30, 33, 38, 42, 49]",1.0134094671651614
../output/patients/utility2/Anonymized/0/1_0_2_1.json,260205016.71696627,237327550.21606696,"[3, 22, 23, 25, 30, 32, 33, 38, 42, 49]",1.01634409089793
../output/patients/utility2/Anonymized/0/1_1_0_4.json,239358599.66080812,237553497.03039983,"[3, 16, 17, 22, 23, 25, 32, 33, 42, 49]",1.0173116975217515
../output/patients/utility2/Anonymized/0/0_4_1_3.json,234180797.18999258,233511024.80104983,"[2, 3, 5, 9, 16, 17, 22, 23, 29, 33]",1.0
../output/patients/utility2/Anonymized/0/0_3_2_5.json,250741776.12678194,237327550.21606696,"[3, 22, 23, 25, 30, 32, 33, 38, 42, 49]",1.01634409089793
../output/patients/utility2/Anonymized/0/1_1_1_2.json,247210333.1427348,234252782.0946046,"[3, 5, 9, 16, 17, 22, 23, 33, 42, 49]",1.003176540782975
../output/patients/utility2/Anonymized/0/1_5_0_2.json,237314575.6386155,233511024.80104983,"[2, 3, 5, 9, 16, 17, 22, 23, 29, 33]",1.0
../output/patients/utility2/Anonymized/0/0_0_0_3.json,253406612.30261582,235283385.7577873,"[3, 16, 17, 19, 22, 23, 32, 33, 42, 49]",1.0075900525820891
../output/patients/utility2/Anonymized/0/1_3_1_1.json,252584618.7223475,234598118.76254308,"[3, 5, 16, 17, 19, 22, 23, 33, 42, 49]",1.0046554288493208
../output/patients/utility2/Anonymized/0/0_4_0_1.json,253424930.64941353,234252782.0946046,"[3, 5, 9, 16, 17, 22, 23, 33, 42, 49]",1.003176540782975
../output/patients/utility2/Anonymized/0/0_5_2_4.json,260765172.0707972,236041507.47578782,"[2, 3, 5, 22, 23, 25, 29, 30, 33, 38]",1.0108366732444172
../output/patients/utility2/Anonymized/0/1_0_2_5.json,247938400.54672182,237327550.21606696,"[3, 22, 23, 25, 30, 32, 33, 38, 42, 49]",1.01634409089793
../output/patients/utility2/Anonymized/0/0_2_1_2.json,243340741.2713227,233511024.80104983,"[2, 3, 5, 9, 16, 17, 22, 23, 29, 33]",1.0
../output/patients/utility2/Anonymized/0/1_5_1_0.json,258602044.1925288,237327550.21606696,"[3, 22, 23, 25, 30, 32, 33, 38, 42, 49]",1.01634409089793
../output/patients/utility2/Anonymized/0/1_3_0_3.json,229664377.97491395,233511024.80104983,"[2, 3, 5, 9, 16, 17, 22, 23, 29, 33]",1.0
../output/patients/utility2/Anonymized/0/1_4_2_3.json,238055946.50946587,233511024.80104983,"[2, 3, 5, 9, 16, 17, 22, 23, 29, 33]",1.0
../output/patients/utility2/Anonymized/0/1_3_1_5.json,239875443.81866443,237327550.21606696,"[3, 22, 23, 25, 30, 32, 33, 38, 42, 49]",1.01634409089793
../output/patients/utility2/Anonymized/0/0_1_2_2.json,247527354.26521713,234252782.0946046,"[3, 5, 9, 16, 17, 22, 23, 33, 42, 49]",1.003176540782975
../output/patients/utility2/Anonymized/0/0_3_2_1.json,257092872.03307238,236048259.03782734,"[3, 16, 22, 23, 30, 32, 33, 38, 42, 49]",1.010865586491855
../output/patients/utility2/Anonymized/0/0_2_0_4.json,239921562.96378213,235283385.7577873,"[3, 16, 17, 19, 22, 23, 32, 33, 42, 49]",1.0075900525820891
../output/patients/utility2/Anonymized/0/1_1_2_4.json,247591106.9999037,237351664.97847515,"[2, 3, 16, 17, 22, 23, 25, 29, 32, 33]",1.016447361235717
../output/patients/utility2/Anonymized/0/0_3_1_3.json,232623002.59567252,233511024.80104983,"[2, 3, 5, 9, 16, 17, 22, 23, 29, 33]",1.0
../output/patients/utility2/Anonymized/0/1_0_0_1.json,260690423.59324133,237327550.21606696,"[3, 22, 23, 25, 30, 32, 33, 38, 42, 49]",1.01634409089793
../output/patients/utility2/Anonymized/0/0_5_0_0.json,259363769.6384946,237327550.21606696,"[3, 22, 23, 25, 30, 32, 33, 38, 42, 49]",1.01634409089793
../output/patients/utility2/Anonymized/0/0_4_2_5.json,251850558.03551546,235283385.7577873,"[3, 16, 17, 19, 22, 23, 32, 33, 42, 49]",1.0075900525820891
../output/patients/utility2/Anonymized/0/1_2_0_2.json,234110441.3434971,233511024.80104983,"[2, 3, 5, 9, 16, 17, 22, 23, 29, 33]",1.0
../output/patients/utility2/Anonymized/0/1_4_1_1.json,246509978.3823083,234252782.0946046,"[3, 5, 9, 16, 17, 22, 23, 33, 42, 49]",1.003176540782975
../output/patients/utility2/Anonymized/0/1_2_1_4.json,240416804.7922304,237553497.03039983,"[3, 16, 17, 22, 23, 25, 32, 33, 42, 49]",1.0173116975217515
../output/patients/utility2/Anonymized/0/0_0_2_3.json,244566780.02062845,233511024.80104983,"[2, 3, 5, 9, 16, 17, 22, 23, 29, 33]",1.0
../output/patients/utility2/Anonymized/0/1_5_2_2.json,249114677.8016497,233511024.80104983,"[2, 3, 5, 9, 16, 17, 22, 23, 29, 33]",1.0
../output/patients/utility2/Anonymized/0/0_2_2_0.json,260101868.4274398,237327550.21606696,"[3, 22, 23, 25, 30, 32, 33, 38, 42, 49]",1.01634409089793
../output/patients/utility2/Anonymized/0/0_3_0_5.json,244298662.4382675,237327550.21606696,"[3, 22, 23, 25, 30, 32, 33, 38, 42, 49]",1.01634409089793
../output/patients/utility2/Anonymized/0/0_1_1_4.json,241922511.97415268,237327550.21606696,"[3, 22, 23, 25, 30, 32, 33, 38, 42, 49]",1.01634409089793
../output/patients/utility2/Anonymized/0/1_3_2_3.json,238184911.7076117,233511024.80104983,"[2, 3, 5, 9, 16, 17, 22, 23, 29, 33]",1.0
../output/patients/utility2/Anonymized/0/1_4_1_5.json,243519325.25836432,236048259.03782734,"[3, 16, 22, 23, 30, 32, 33, 38, 42, 49]",1.010865586491855
../output/patients/utility2/Anonymized/0/1_0_0_5.json,239138160.60606354,237327550.21606696,"[3, 22, 23, 25, 30, 32, 33, 38, 42, 49]",1.01634409089793
../output/patients/utility2/Anonymized/0/0_5_0_4.json,254543966.63892892,237553497.03039983,"[3, 16, 17, 22, 23, 25, 32, 33, 42, 49]",1.0173116975217515
../output/patients/utility2/Anonymized/0/0_4_2_1.json,247176721.20865124,234252782.0946046,"[3, 5, 9, 16, 17, 22, 23, 33, 42, 49]",1.003176540782975
../output/patients/utility2/Anonymized/0/0_2_2_4.json,247643444.59325457,237553497.03039983,"[3, 16, 17, 22, 23, 25, 32, 33, 42, 49]",1.0173116975217515
../output/patients/utility2/Anonymized/0/1_0_1_3.json,238993700.9572142,233511024.80104983,"[2, 3, 5, 9, 16, 17, 22, 23, 29, 33]",1.0
../output/patients/utility2/Anonymized/0/0_3_0_1.json,259576212.582659,237553497.03039983,"[3, 16, 17, 22, 23, 25, 32, 33, 42, 49]",1.0173116975217515
../output/patients/utility2/Anonymized/0/0_5_1_2.json,240608377.78894365,233511024.80104983,"[2, 3, 5, 9, 16, 17, 22, 23, 29, 33]",1.0
../output/patients/utility2/Anonymized/0/0_1_0_2.json,257061189.73791802,235362992.04258308,"[3, 5, 16, 22, 23, 30, 33, 38, 42, 49]",1.0079309627590864
../output/patients/utility2/Anonymized/0/1_4_0_3.json,230418038.55301094,233511024.80104983,"[2, 3, 5, 9, 16, 17, 22, 23, 29, 33]",1.0
../output/patients/utility2/Anonymized/1/0_5_0_5.json,256217019.5594264,237327550.21606696,"[3, 22, 23, 25, 30, 32, 33, 38, 42, 49]",1.01634409089793
../output/patients/utility2/Anonymized/1/1_0_0_4.json,236780639.32108718,237553497.03039983,"[3, 16, 17, 22, 23, 25, 32, 33, 42, 49]",1.0173116975217515
../output/patients/utility2/Anonymized/1/1_1_2_1.json,259969231.31058198,237327550.21606696,"[3, 22, 23, 25, 30, 32, 33, 38, 42, 49]",1.01634409089793
../output/patients/utility2/Anonymized/1/1_4_1_4.json,239287665.02777156,237327550.21606696,"[3, 22, 23, 25, 30, 32, 33, 38, 42, 49]",1.01634409089793
../output/patients/utility2/Anonymized/1/0_1_1_5.json,243063423.0776736,237327550.21606696,"[3, 22, 23, 25, 30, 32, 33, 38, 42, 49]",1.01634409089793
../output/patients/utility2/Anonymized/1/1_3_2_2.json,233360036.27328932,233511024.80104983,"[2, 3, 5, 9, 16, 17, 22, 23, 29, 33]",1.0
../output/patients/utility2/Anonymized/1/1_4_0_2.json,229456066.21940023,233511024.80104983,"[2, 3, 5, 9, 16, 17, 22, 23, 29, 33]",1.0
../output/patients/utility2/Anonymized/1/0_1_0_3.json,238075483.25605807,233511024.80104983,"[2, 3, 5, 9, 16, 17, 22, 23, 29, 33]",1.0
../output/patients/utility2/Anonymized/1/0_5_1_3.json,245382050.62055278,233511024.80104983,"[2, 3, 5, 9, 16, 17, 22, 23, 29, 33]",1.0
../output/patients/utility2/Anonymized/1/0_2_2_5.json,251829265.45396265,237327550.21606696,"[3, 22, 23, 25, 30, 32, 33, 38, 42, 49]",1.01634409089793
../output/patients/utility2/Anonymized/1/1_0_1_2.json,260873960.30143487,237327550.21606696,"[3, 22, 23, 25, 30, 32, 33, 38, 42, 49]",1.01634409089793
../output/patients/utility2/Anonymized/1/1_2_0_3.json,221897017.3294701,233511024.80104983,"[2, 3, 5, 9, 16, 17, 22, 23, 29, 33]",1.0
../output/patients/utility2/Anonymized/1/0_4_2_4.json,251132584.18922573,237553497.03039983,"[3, 16, 17, 22, 23, 25, 32, 33, 42, 49]",1.0173116975217515
../output/patients/utility2/Anonymized/1/0_5_0_1.json,257024240.39173838,236642283.22082272,"[3, 5, 22, 23, 25, 30, 33, 38, 42, 49]",1.0134094671651614
../output/patients/utility2/Anonymized/1/1_1_2_5.json,249197592.30601636,237553497.03039983,"[3, 16, 17, 22, 23, 25, 32, 33, 42, 49]",1.0173116975217515
../output/patients/utility2/Anonymized/1/0_3_1_2.json,248161906.4648299,233511024.80104983,"[2, 3, 5, 9, 16, 17, 22, 23, 29, 33]",1.0
../output/patients/utility2/Anonymized/1/0_3_0_4.json,242196048.1790472,237553497.03039983,"[3, 16, 17, 22, 23, 25, 32, 33, 42, 49]",1.0173116975217515
../output/patients/utility2/Anonymized/1/0_2_2_1.json,261699117.08531135,236048259.03782734,"[3, 16, 22, 23, 30, 32, 33, 38, 42, 49]",1.010865586491855
../output/patients/utility2/Anonymized/1/1_5_2_3.json,250374613.9800535,233511024.80104983,"[2, 3, 5, 9, 16, 17, 22, 23, 29, 33]",1.0
../output/patients/utility2/Anonymized/1/1_2_1_5.json,240298997.3376251,237327550.21606696,"[3, 22, 23, 25, 30, 32, 33, 38, 42, 49]",1.01634409089793
../output/patients/utility2/Anonymized/1/1_3_0_2.json,236913630.5908026,233511024.80104983,"[2, 3, 5, 9, 16, 17, 22, 23, 29, 33]",1.0
../output/patients/utility2/Anonymized/1/1_5_1_1.json,249666026.46776456,234252782.0946046,"[3, 5, 9, 16, 17, 22, 23, 33, 42, 49]",1.003176540782975
../output/patients/utility2/Anonymized/1/1_0_2_4.json,246286946.35877833,237553497.03039983,"[3, 16, 17, 22, 23, 25, 32, 33, 42, 49]",1.0173116975217515
../output/patients/utility2/Anonymized/1/0_2_1_3.json,221411696.56864184,233511024.80104983,"[2, 3, 5, 9, 16, 17, 22, 23, 29, 33]",1.0
../output/patients/utility2/Anonymized/1/0_5_2_5.json,263553216.85594118,237327550.21606696,"[3, 22, 23, 25, 30, 32, 33, 38, 42, 49]",1.01634409089793
../output/patients/utility2/Anonymized/1/0_2_0_5.json,243474208.42934957,237327550.21606696,"[3, 22, 23, 25, 30, 32, 33, 38, 42, 49]",1.01634409089793
../output/patients/utility2/Anonymized/1/1_3_1_4.json,240468777.81818062,237553497.03039983,"[3, 16, 17, 22, 23, 25, 32, 33, 42, 49]",1.0173116975217515
../output/patients/utility2/Anonymized/1/0_1_2_3.json,230983342.1229147,233511024.80104983,"[2, 3, 5, 9, 16, 17, 22, 23, 29, 33]",1.0
../output/patients/utility2/Anonymized/1/1_4_2_2.json,234123710.81702334,233511024.80104983,"[2, 3, 5, 9, 16, 17, 22, 23, 29, 33]",1.0
../output/patients/utility2/Anonymized/1/1_1_0_5.json,239976496.22810975,237327550.21606696,"[3, 22, 23, 25, 30, 32, 33, 38, 42, 49]",1.01634409089793
../output/patients/utility2/Anonymized/1/0_5_2_1.json,251237281.9577966,234252782.0946046,"[3, 5, 9, 16, 17, 22, 23, 33, 42, 49]",1.003176540782975
../output/patients/utility2/Anonymized/1/0_4_0_4.json,242767042.44540888,237327550.21606696,"[3, 22, 23, 25, 30, 32, 33, 38, 42, 49]",1.01634409089793
../output/patients/utility2/Anonymized/1/0_0_1_4.json,236340683.68118006,241342038.8639833,"[2, 3, 8, 9, 25, 29, 32, 33, 34, 38]",1.033535950046065
../output/patients/utility2/Anonymized/1/1_2_2_3.json,236090718.7507993,233511024.80104983,"[2, 3, 5, 9, 16, 17, 22, 23, 29, 33]",1.0
../output/patients/utility2/Anonymized/1/1_5_1_5.json,254629976.87218028,237327550.21606696,"[3, 22, 23, 25, 30, 32, 33, 38, 42, 49]",1.01634409089793
../output/patients/utility2/Anonymized/1/1_5_0_3.json,242533861.5794884,233511024.80104983,"[2, 3, 5, 9, 16, 17, 22, 23, 29, 33]",1.0
../output/patients/utility2/Anonymized/1/0_3_2_4.json,250039956.55809474,237351664.97847515,"[2, 3, 16, 17, 22, 23, 25, 29, 32, 33]",1.016447361235717
../output/patients/utility2/Anonymized/1/1_1_1_3.json,220617674.23761886,233511024.80104983,"[2, 3, 5, 9, 16, 17, 22, 23, 29, 33]",1.0
../output/patients/utility2/Anonymized/1/0_4_1_2.json,235995591.58157986,233511024.80104983,"[2, 3, 5, 9, 16, 17, 22, 23, 29, 33]",1.0
../output/patients/utility2/Anonymized/1/1_3_0_3.json,226118144.99652547,233511024.80104983,"[2, 3, 5, 9, 16, 17, 22, 23, 29, 33]",1.0
../output/patients/utility2/Anonymized/1/1_5_1_0.json,259480239.91202384,237327550.21606696,"[3, 22, 23, 25, 30, 32, 33, 38, 42, 49]",1.01634409089793
../output/patients/utility2/Anonymized/1/0_2_1_2.json,260257124.42759898,236048259.03782734,"[3, 16, 22, 23, 30, 32, 33, 38, 42, 49]",1.010865586491855
../output/patients/utility2/Anonymized/1/1_0_2_5.json,246494329.9001081,237327550.21606696,"[3, 22, 23, 25, 30, 32, 33, 38, 42, 49]",1.01634409089793
../output/patients/utility2/Anonymized/1/0_4_0_1.json,259207147.98326817,237327550.21606696,"[3, 22, 23, 25, 30, 32, 33, 38, 42, 49]",1.01634409089793
../output/patients/utility2/Anonymized/1/0_5_2_4.json,261448397.5670061,237351664.97847515,"[2, 3, 16, 17, 22, 23, 25, 29, 32, 33]",1.016447361235717
../output/patients/utility2/Anonymized/1/0_3_2_1.json,258394662.93788388,237327550.21606696,"[3, 22, 23, 25, 30, 32, 33, 38, 42, 49]",1.01634409089793
../output/patients/utility2/Anonymized/1/0_2_0_4.json,241589204.619341,237553497.03039983,"[3, 16, 17, 22, 23, 25, 32, 33, 42, 49]",1.0173116975217515
../output/patients/utility2/Anonymized/1/0_1_2_2.json,257612613.57466552,237327550.21606696,"[3, 22, 23, 25, 30, 32, 33, 38, 42, 49]",1.01634409089793
../output/patients/utility2/Anonymized/1/1_3_1_5.json,244637235.987806,236048259.03782734,"[3, 16, 22, 23, 30, 32, 33, 38, 42, 49]",1.010865586491855
../output/patients/utility2/Anonymized/1/1_4_2_3.json,237808761.47214866,233511024.80104983,"[2, 3, 5, 9, 16, 17, 22, 23, 29, 33]",1.0
../output/patients/utility2/Anonymized/1/1_1_0_4.json,238202086.3888886,237327550.21606696,"[3, 22, 23, 25, 30, 32, 33, 38, 42, 49]",1.01634409089793
../output/patients/utility2/Anonymized/1/0_4_0_5.json,243088301.50066116,237327550.21606696,"[3, 22, 23, 25, 30, 32, 33, 38, 42, 49]",1.01634409089793
../output/patients/utility2/Anonymized/1/0_5_2_0.json,261135639.30568328,237327550.21606696,"[3, 22, 23, 25, 30, 32, 33, 38, 42, 49]",1.01634409089793
../output/patients/utility2/Anonymized/1/1_2_2_2.json,239317610.8364002,233511024.80104983,"[2, 3, 5, 9, 16, 17, 22, 23, 29, 33]",1.0
../output/patients/utility2/Anonymized/1/0_0_1_5.json,243241175.0063468,237327550.21606696,"[3, 22, 23, 25, 30, 32, 33, 38, 42, 49]",1.01634409089793
../output/patients/utility2/Anonymized/1/1_5_1_4.json,251588584.9480319,237553497.03039983,"[3, 16, 17, 22, 23, 25, 32, 33, 42, 49]",1.0173116975217515
../output/patients/utility2/Anonymized/1/0_0_0_3.json,260569962.84684643,237327550.21606696,"[3, 22, 23, 25, 30, 32, 33, 38, 42, 49]",1.01634409089793
../output/patients/utility2/Anonymized/1/1_3_1_1.json,258215601.6545512,237327550.21606696,"[3, 22, 23, 25, 30, 32, 33, 38, 42, 49]",1.01634409089793
../output/patients/utility2/Anonymized/1/1_5_0_2.json,235542993.24798402,233511024.80104983,"[2, 3, 5, 9, 16, 17, 22, 23, 29, 33]",1.0
../output/patients/utility2/Anonymized/1/1_1_1_2.json,256842995.23620868,236642283.22082272,"[3, 5, 22, 23, 25, 30, 33, 38, 42, 49]",1.0134094671651614
../output/patients/utility2/Anonymized/1/0_3_2_5.json,250859414.05976784,237327550.21606696,"[3, 22, 23, 25, 30, 32, 33, 38, 42, 49]",1.01634409089793
../output/patients/utility2/Anonymized/1/0_4_1_3.json,233228683.9683377,233511024.80104983,"[2, 3, 5, 9, 16, 17, 22, 23, 29, 33]",1.0
../output/patients/utility2/Anonymized/1/0_5_0_4.json,254094767.38107187,237553497.03039983,"[3, 16, 17, 22, 23, 25, 32, 33, 42, 49]",1.0173116975217515
../output/patients/utility2/Anonymized/1/0_4_2_1.json,256344494.7203254,237553497.03039983,"[3, 16, 17, 22, 23, 25, 32, 33, 42, 49]",1.0173116975217515
../output/patients/utility2/Anonymized/1/1_0_0_5.json,240479747.10566902,235283385.7577873,"[3, 16, 17, 19, 22, 23, 32, 33, 42, 49]",1.0075900525820891
../output/patients/utility2/Anonymized/1/1_4_1_5.json,241315437.46484405,237327550.21606696,"[3, 22, 23, 25, 30, 32, 33, 38, 42, 49]",1.01634409089793
../output/patients/utility2/Anonymized/1/1_3_2_3.json,237059225.6957416,233511024.80104983,"[2, 3, 5, 9, 16, 17, 22, 23, 29, 33]",1.0
../output/patients/utility2/Anonymized/1/0_1_1_4.json,242749558.3175001,237553497.03039983,"[3, 16, 17, 22, 23, 25, 32, 33, 42, 49]",1.0173116975217515
../output/patients/utility2/Anonymized/1/1_4_0_3.json,228815680.4188871,233511024.80104983,"[2, 3, 5, 9, 16, 17, 22, 23, 29, 33]",1.0
../output/patients/utility2/Anonymized/1/0_1_0_2.json,260289886.65784806,237553497.03039983,"[3, 16, 17, 22, 23, 25, 32, 33, 42, 49]",1.0173116975217515
../output/patients/utility2/Anonymized/1/0_5_1_2.json,235653355.94331512,233511024.80104983,"[2, 3, 5, 9, 16, 17, 22, 23, 29, 33]",1.0
../output/patients/utility2/Anonymized/1/1_0_1_3.json,257649863.4095229,235283385.7577873,"[3, 16, 17, 19, 22, 23, 32, 33, 42, 49]",1.0075900525820891
../output/patients/utility2/Anonymized/1/0_2_2_4.json,249233804.80854315,237125718.1641423,"[2, 3, 22, 23, 25, 29, 30, 32, 33, 38]",1.0154797546118954
../output/patients/utility2/Anonymized/1/0_3_0_1.json,261012618.39637995,237327550.21606696,"[3, 22, 23, 25, 30, 32, 33, 38, 42, 49]",1.01634409089793
../output/patients/utility2/Anonymized/1/1_4_1_1.json,254665586.99262783,234598118.76254308,"[3, 5, 16, 17, 19, 22, 23, 33, 42, 49]",1.0046554288493208
../output/patients/utility2/Anonymized/1/1_2_0_2.json,251063999.8867188,234252782.0946046,"[3, 5, 9, 16, 17, 22, 23, 33, 42, 49]",1.003176540782975
../output/patients/utility2/Anonymized/1/0_4_2_5.json,251506046.5299646,237327550.21606696,"[3, 22, 23, 25, 30, 32, 33, 38, 42, 49]",1.01634409089793
../output/patients/utility2/Anonymized/1/0_3_1_3.json,225870314.54076204,233511024.80104983,"[2, 3, 5, 9, 16, 17, 22, 23, 29, 33]",1.0
../output/patients/utility2/Anonymized/1/1_1_2_4.json,245675760.6820532,237327550.21606696,"[3, 22, 23, 25, 30, 32, 33, 38, 42, 49]",1.01634409089793
../output/patients/utility2/Anonymized/1/0_3_0_5.json,242781277.01045913,237327550.21606696,"[3, 22, 23, 25, 30, 32, 33, 38, 42, 49]",1.01634409089793
../output/patients/utility2/Anonymized/1/1_5_2_2.json,247638235.52225357,233511024.80104983,"[2, 3, 5, 9, 16, 17, 22, 23, 29, 33]",1.0
../output/patients/utility2/Anonymized/1/0_0_2_3.json,258841837.804304,237327550.21606696,"[3, 22, 23, 25, 30, 32, 33, 38, 42, 49]",1.01634409089793
../output/patients/utility2/Anonymized/1/1_2_1_4.json,239800260.69706753,237553497.03039983,"[3, 16, 17, 22, 23, 25, 32, 33, 42, 49]",1.0173116975217515
../output/patients/utility2/Anonymized/1/1_5_1_2.json,237992031.70633715,233511024.80104983,"[2, 3, 5, 9, 16, 17, 22, 23, 29, 33]",1.0
../output/patients/utility2/Anonymized/1/0_0_1_3.json,258828076.37523308,237327550.21606696,"[3, 22, 23, 25, 30, 32, 33, 38, 42, 49]",1.01634409089793
../output/patients/utility2/Anonymized/1/1_2_2_4.json,244678348.4633675,235283385.7577873,"[3, 16, 17, 19, 22, 23, 32, 33, 42, 49]",1.0075900525820891
../output/patients/utility2/Anonymized/1/1_3_0_1.json,258298597.06847858,237327550.21606696,"[3, 22, 23, 25, 30, 32, 33, 38, 42, 49]",1.01634409089793
../output/patients/utility2/Anonymized/1/0_4_0_3.json,230207377.75210053,233511024.80104983,"[2, 3, 5, 9, 16, 17, 22, 23, 29, 33]",1.0
../output/patients/utility2/Anonymized/1/1_1_0_2.json,257933189.26738292,237327550.21606696,"[3, 22, 23, 25, 30, 32, 33, 38, 42, 49]",1.01634409089793
../output/patients/utility2/Anonymized/1/0_4_1_5.json,244231555.72058722,237327550.21606696,"[3, 22, 23, 25, 30, 32, 33, 38, 42, 49]",1.01634409089793
../output/patients/utility2/Anonymized/1/0_3_2_3.json,238264968.66766202,233511024.80104983,"[2, 3, 5, 9, 16, 17, 22, 23, 29, 33]",1.0
../output/patients/utility2/Anonymized/1/1_1_1_4.json,238625976.38900083,237553497.03039983,"[3, 16, 17, 22, 23, 25, 32, 33, 42, 49]",1.0173116975217515
../output/patients/utility2/Anonymized/1/1_5_0_4.json,252350581.3147939,237327550.21606696,"[3, 22, 23, 25, 30, 32, 33, 38, 42, 49]",1.01634409089793
../output/patients/utility2/Anonymized/1/1_4_2_1.json,250833400.61325648,233511024.80104983,"[2, 3, 5, 9, 16, 17, 22, 23, 29, 33]",1.0
../output/patients/utility2/Anonymized/1/0_0_0_5.json,244278074.03468126,237553497.03039983,"[3, 16, 17, 22, 23, 25, 32, 33, 42, 49]",1.0173116975217515
../output/patients/utility2/Anonymized/1/0_5_2_2.json,243585545.20622277,233511024.80104983,"[2, 3, 5, 9, 16, 17, 22, 23, 29, 33]",1.0
../output/patients/utility2/Anonymized/1/1_0_2_3.json,251059886.2242283,233511024.80104983,"[2, 3, 5, 9, 16, 17, 22, 23, 29, 33]",1.0
../output/patients/utility2/Anonymized/1/0_2_1_4.json,241097105.87408102,235283385.7577873,"[3, 16, 17, 19, 22, 23, 32, 33, 42, 49]",1.0075900525820891
../output/patients/utility2/Anonymized/1/1_3_0_5.json,238789685.05780673,237327550.21606696,"[3, 22, 23, 25, 30, 32, 33, 38, 42, 49]",1.01634409089793
../output/patients/utility2/Anonymized/1/1_5_0_0.json,259659426.23958683,235283385.7577873,"[3, 16, 17, 19, 22, 23, 32, 33, 42, 49]",1.0075900525820891
../output/patients/utility2/Anonymized/1/1_4_2_5.json,248330991.4831638,237327550.21606696,"[3, 22, 23, 25, 30, 32, 33, 38, 42, 49]",1.01634409089793
../output/patients/utility2/Anonymized/1/1_3_1_3.json,230746048.05428708,233511024.80104983,"[2, 3, 5, 9, 16, 17, 22, 23, 29, 33]",1.0
../output/patients/utility2/Anonymized/1/0_1_2_4.json,249799243.5641856,237327550.21606696,"[3, 22, 23, 25, 30, 32, 33, 38, 42, 49]",1.01634409089793
../output/patients/utility2/Anonymized/1/0_4_1_1.json,259808755.49542,237327550.21606696,"[3, 22, 23, 25, 30, 32, 33, 38, 42, 49]",1.01634409089793
../output/patients/utility2/Anonymized/1/0_2_0_2.json,260138769.21538708,235362992.04258308,"[3, 5, 16, 22, 23, 30, 33, 38, 42, 49]",1.0079309627590864
../output/patients/utility2/Anonymized/1/1_1_2_2.json,251684198.23187256,234252782.0946046,"[3, 5, 9, 16, 17, 22, 23, 33, 42, 49]",1.003176540782975
../output/patients/utility2/Anonymized/1/0_3_1_5.json,244453759.55248025,237327550.21606696,"[3, 22, 23, 25, 30, 32, 33, 38, 42, 49]",1.01634409089793
../output/patients/utility2/Anonymized/1/0_4_2_3.json,239686156.50778008,233511024.80104983,"[2, 3, 5, 9, 16, 17, 22, 23, 29, 33]",1.0
../output/patients/utility2/Anonymized/1/1_3_2_1.json,257687924.78331172,235283385.7577873,"[3, 16, 17, 19, 22, 23, 32, 33, 42, 49]",1.0075900525820891
../output/patients/utility2/Anonymized/1/1_2_0_4.json,239465645.226344,237351664.97847515,"[2, 3, 16, 17, 22, 23, 25, 29, 32, 33]",1.016447361235717
../output/patients/utility2/Anonymized/1/1_2_1_2.json,248287644.2802139,234252782.0946046,"[3, 5, 9, 16, 17, 22, 23, 33, 42, 49]",1.003176540782975
../output/patients/utility2/Anonymized/1/0_0_2_5.json,249424708.45095763,237327550.21606696,"[3, 22, 23, 25, 30, 32, 33, 38, 42, 49]",1.01634409089793
../output/patients/utility2/Anonymized/1/1_4_0_1.json,255728013.4120969,236642283.22082272,"[3, 5, 22, 23, 25, 30, 33, 38, 42, 49]",1.0134094671651614
../output/patients/utility2/Anonymized/1/1_5_2_4.json,258680821.72542468,237327550.21606696,"[3, 22, 23, 25, 30, 32, 33, 38, 42, 49]",1.01634409089793
../output/patients/utility2/Anonymized/1/0_3_0_3.json,223799622.8100311,233511024.80104983,"[2, 3, 5, 9, 16, 17, 22, 23, 29, 33]",1.0
../output/patients/utility2/Anonymized/1/0_1_1_2.json,258852174.98495328,237327550.21606696,"[3, 22, 23, 25, 30, 32, 33, 38, 42, 49]",1.01634409089793
../output/patients/utility2/Anonymized/1/1_3_2_5.json,248429444.95815778,237327550.21606696,"[3, 22, 23, 25, 30, 32, 33, 38, 42, 49]",1.01634409089793
../output/patients/utility2/Anonymized/1/1_4_1_3.json,231182409.79032266,233511024.80104983,"[2, 3, 5, 9, 16, 17, 22, 23, 29, 33]",1.0
../output/patients/utility2/Anonymized/1/1_0_0_3.json,257292837.89412522,235283385.7577873,"[3, 16, 17, 19, 22, 23, 32, 33, 42, 49]",1.0075900525820891
../output/patients/utility2/Anonymized/1/0_3_1_1.json,260324302.8120177,237327550.21606696,"[3, 22, 23, 25, 30, 32, 33, 38, 42, 49]",1.01634409089793
../output/patients/utility2/Anonymized/1/0_5_0_2.json,238156709.85257924,233511024.80104983,"[2, 3, 5, 9, 16, 17, 22, 23, 29, 33]",1.0
../output/patients/utility2/Anonymized/1/0_2_2_2.json,253262032.6640316,234252782.0946046,"[3, 5, 9, 16, 17, 22, 23, 33, 42, 49]",1.003176540782975
../output/patients/utility2/Anonymized/1/1_0_1_5.json,240302852.28269354,237327550.21606696,"[3, 22, 23, 25, 30, 32, 33, 38, 42, 49]",1.01634409089793
../output/patients/utility2/Anonymized/1/0_5_1_4.json,255956938.72107616,237553497.03039983,"[3, 16, 17, 22, 23, 25, 32, 33, 42, 49]",1.0173116975217515
../output/patients/utility2/Anonymized/1/0_1_0_4.json,241625380.39652675,234307529.3789572,"[2, 3, 5, 16, 17, 22, 23, 33, 36, 42]",1.0034109934577435
../output/patients/utility2/Anonymized/1/1_4_0_5.json,241847605.61748734,237553497.03039983,"[3, 16, 17, 22, 23, 25, 32, 33, 42, 49]",1.0173116975217515
../output/patients/utility2/Anonymized/1/1_5_2_0.json,260933276.70013863,237327550.21606696,"[3, 22, 23, 25, 30, 32, 33, 38, 42, 49]",1.01634409089793
../output/patients/utility2/Anonymized/1/0_3_1_4.json,242388252.70652685,237553497.03039983,"[3, 16, 17, 22, 23, 25, 32, 33, 42, 49]",1.0173116975217515
../output/patients/utility2/Anonymized/1/1_1_2_3.json,229674243.16231382,233511024.80104983,"[2, 3, 5, 9, 16, 17, 22, 23, 29, 33]",1.0
../output/patients/utility2/Anonymized/1/0_4_2_2.json,232657015.96203294,233511024.80104983,"[2, 3, 5, 9, 16, 17, 22, 23, 29, 33]",1.0
../output/patients/utility2/Anonymized/1/1_2_0_5.json,239925312.69125035,237327550.21606696,"[3, 22, 23, 25, 30, 32, 33, 38, 42, 49]",1.01634409089793
../output/patients/utility2/Anonymized/1/0_0_2_4.json,246176601.90818518,237761438.3972581,"[2, 3, 8, 9, 16, 17, 29, 32, 33, 34]",1.0182021966621473
../output/patients/utility2/Anonymized/1/1_2_1_3.json,224612945.32051897,233511024.80104983,"[2, 3, 5, 9, 16, 17, 22, 23, 29, 33]",1.0
../output/patients/utility2/Anonymized/1/0_3_0_2.json,248765389.30197147,234252782.0946046,"[3, 5, 9, 16, 17, 22, 23, 33, 42, 49]",1.003176540782975
../output/patients/utility2/Anonymized/1/0_5_1_1.json,256705167.3692208,236267454.2901206,"[2, 3, 5, 16, 17, 22, 23, 25, 29, 33]",1.0118042798682385
../output/patients/utility2/Anonymized/1/1_3_2_4.json,247418208.36218047,235283385.7577873,"[3, 16, 17, 19, 22, 23, 32, 33, 42, 49]",1.0075900525820891
../output/patients/utility2/Anonymized/1/0_1_1_3.json,233962652.06895185,233511024.80104983,"[2, 3, 5, 9, 16, 17, 22, 23, 29, 33]",1.0
../output/patients/utility2/Anonymized/1/1_4_1_2.json,229476971.93642372,233511024.80104983,"[2, 3, 5, 9, 16, 17, 22, 23, 29, 33]",1.0
../output/patients/utility2/Anonymized/1/1_0_0_2.json,259716291.48905134,237327550.21606696,"[3, 22, 23, 25, 30, 32, 33, 38, 42, 49]",1.01634409089793
../output/patients/utility2/Anonymized/1/0_5_0_3.json,244369840.76535383,233511024.80104983,"[2, 3, 5, 9, 16, 17, 22, 23, 29, 33]",1.0
../output/patients/utility2/Anonymized/1/1_0_1_4.json,237888097.2862732,237473709.46307102,"[2, 3, 8, 11, 16, 17, 22, 29, 32, 33]",1.016970011010818
../output/patients/utility2/Anonymized/1/0_2_2_3.json,231644471.2491183,233511024.80104983,"[2, 3, 5, 9, 16, 17, 22, 23, 29, 33]",1.0
../output/patients/utility2/Anonymized/1/0_5_1_5.json,255503821.6663555,237327550.21606696,"[3, 22, 23, 25, 30, 32, 33, 38, 42, 49]",1.01634409089793
../output/patients/utility2/Anonymized/1/0_1_0_5.json,243307817.0407701,237327550.21606696,"[3, 22, 23, 25, 30, 32, 33, 38, 42, 49]",1.01634409089793
../output/patients/utility2/Anonymized/1/1_5_2_1.json,244527170.88802657,233511024.80104983,"[2, 3, 5, 9, 16, 17, 22, 23, 29, 33]",1.0
../output/patients/utility2/Anonymized/1/1_4_0_4.json,239871288.46292886,237553497.03039983,"[3, 16, 17, 22, 23, 25, 32, 33, 42, 49]",1.0173116975217515
../output/patients/utility2/Anonymized/1/1_5_1_3.json,244031734.95165688,233511024.80104983,"[2, 3, 5, 9, 16, 17, 22, 23, 29, 33]",1.0
../output/patients/utility2/Anonymized/1/1_2_2_5.json,247708742.23776135,237327550.21606696,"[3, 22, 23, 25, 30, 32, 33, 38, 42, 49]",1.01634409089793
../output/patients/utility2/Anonymized/1/0_4_0_2.json,237355248.3377831,233511024.80104983,"[2, 3, 5, 9, 16, 17, 22, 23, 29, 33]",1.0
../output/patients/utility2/Anonymized/1/1_1_0_3.json,223920979.62583652,233511024.80104983,"[2, 3, 5, 9, 16, 17, 22, 23, 29, 33]",1.0
../output/patients/utility2/Anonymized/1/0_4_1_4.json,242874931.03578267,237553497.03039983,"[3, 16, 17, 22, 23, 25, 32, 33, 42, 49]",1.0173116975217515
../output/patients/utility2/Anonymized/1/1_1_1_5.json,242712984.88443422,236048259.03782734,"[3, 16, 22, 23, 30, 32, 33, 38, 42, 49]",1.010865586491855
../output/patients/utility2/Anonymized/1/0_3_2_2.json,239249329.34453434,233511024.80104983,"[2, 3, 5, 9, 16, 17, 22, 23, 29, 33]",1.0
../output/patients/utility2/Anonymized/1/1_4_2_0.json,259743533.87756675,237327550.21606696,"[3, 22, 23, 25, 30, 32, 33, 38, 42, 49]",1.01634409089793
../output/patients/utility2/Anonymized/1/1_5_0_5.json,253312604.47487417,237553497.03039983,"[3, 16, 17, 22, 23, 25, 32, 33, 42, 49]",1.0173116975217515
../output/patients/utility2/Anonymized/1/0_0_0_4.json,238292346.8734948,237761438.3972581,"[2, 3, 8, 9, 16, 17, 29, 32, 33, 34]",1.0182021966621473
../output/patients/utility2/Anonymized/1/0_5_2_3.json,254312474.78063235,233511024.80104983,"[2, 3, 5, 9, 16, 17, 22, 23, 29, 33]",1.0
../output/patients/utility2/Anonymized/1/0_2_1_5.json,244522942.26215345,237327550.21606696,"[3, 22, 23, 25, 30, 32, 33, 38, 42, 49]",1.01634409089793
../output/patients/utility2/Anonymized/1/1_0_2_2.json,262088475.98673975,237327550.21606696,"[3, 22, 23, 25, 30, 32, 33, 38, 42, 49]",1.01634409089793
../output/patients/utility2/Anonymized/1/1_3_0_4.json,239327312.13851458,237327550.21606696,"[3, 22, 23, 25, 30, 32, 33, 38, 42, 49]",1.01634409089793
../output/patients/utility2/Anonymized/1/1_2_2_1.json,259492212.92575565,237327550.21606696,"[3, 22, 23, 25, 30, 32, 33, 38, 42, 49]",1.01634409089793
../output/patients/utility2/Anonymized/1/1_4_2_4.json,248311919.17347395,236267454.2901206,"[2, 3, 5, 16, 17, 22, 23, 25, 29, 33]",1.0118042798682385
../output/patients/utility2/Anonymized/1/1_5_0_1.json,251387728.90816125,234252782.0946046,"[3, 5, 9, 16, 17, 22, 23, 33, 42, 49]",1.003176540782975
../output/patients/utility2/Anonymized/1/0_1_2_5.json,249220041.40268946,235283385.7577873,"[3, 16, 17, 19, 22, 23, 32, 33, 42, 49]",1.0075900525820891
../output/patients/utility2/Anonymized/1/1_3_1_2.json,232644551.7256538,233511024.80104983,"[2, 3, 5, 9, 16, 17, 22, 23, 29, 33]",1.0
../output/patients/utility2/Anonymized/1/0_2_0_3.json,224322549.9195434,233511024.80104983,"[2, 3, 5, 9, 16, 17, 22, 23, 29, 33]",1.0
../output/patients/utility2/Anonymized/2/1_3_2_1.json,259806572.3792276,237553497.03039983,"[3, 16, 17, 22, 23, 25, 32, 33, 42, 49]",1.0173116975217515
../output/patients/utility2/Anonymized/2/1_2_0_4.json,238318496.14978194,237553497.03039983,"[3, 16, 17, 22, 23, 25, 32, 33, 42, 49]",1.0173116975217515
../output/patients/utility2/Anonymized/2/0_3_1_5.json,244634061.61058772,237327550.21606696,"[3, 22, 23, 25, 30, 32, 33, 38, 42, 49]",1.01634409089793
../output/patients/utility2/Anonymized/2/1_1_2_2.json,258056384.86378416,237327550.21606696,"[3, 22, 23, 25, 30, 32, 33, 38, 42, 49]",1.01634409089793
../output/patients/utility2/Anonymized/2/0_4_2_3.json,239523860.14305845,233511024.80104983,"[2, 3, 5, 9, 16, 17, 22, 23, 29, 33]",1.0
../output/patients/utility2/Anonymized/2/0_3_0_3.json,225655081.5983208,233511024.80104983,"[2, 3, 5, 9, 16, 17, 22, 23, 29, 33]",1.0
../output/patients/utility2/Anonymized/2/0_0_2_5.json,251192251.39633554,237327550.21606696,"[3, 22, 23, 25, 30, 32, 33, 38, 42, 49]",1.01634409089793
../output/patients/utility2/Anonymized/2/1_2_1_2.json,259610673.62333858,237327550.21606696,"[3, 22, 23, 25, 30, 32, 33, 38, 42, 49]",1.01634409089793
../output/patients/utility2/Anonymized/2/1_4_0_1.json,261810535.1482601,236048259.03782734,"[3, 16, 22, 23, 30, 32, 33, 38, 42, 49]",1.010865586491855
../output/patients/utility2/Anonymized/2/1_5_2_4.json,258869308.158706,237553497.03039983,"[3, 16, 17, 22, 23, 25, 32, 33, 42, 49]",1.0173116975217515
../output/patients/utility2/Anonymized/2/0_5_0_2.json,245199797.01466092,233511024.80104983,"[2, 3, 5, 9, 16, 17, 22, 23, 29, 33]",1.0
../output/patients/utility2/Anonymized/2/1_3_2_5.json,248226615.80738908,237327550.21606696,"[3, 22, 23, 25, 30, 32, 33, 38, 42, 49]",1.01634409089793
../output/patients/utility2/Anonymized/2/1_4_1_3.json,229735154.14168817,233511024.80104983,"[2, 3, 5, 9, 16, 17, 22, 23, 29, 33]",1.0
../output/patients/utility2/Anonymized/2/0_1_0_4.json,237055964.44370088,237553497.03039983,"[3, 16, 17, 22, 23, 25, 32, 33, 42, 49]",1.0173116975217515
../output/patients/utility2/Anonymized/2/1_4_0_5.json,240438917.89073068,237327550.21606696,"[3, 22, 23, 25, 30, 32, 33, 38, 42, 49]",1.01634409089793
../output/patients/utility2/Anonymized/2/1_0_1_5.json,240865545.0746868,237327550.21606696,"[3, 22, 23, 25, 30, 32, 33, 38, 42, 49]",1.01634409089793
../output/patients/utility2/Anonymized/2/0_2_2_2.json,259917540.46087503,236868230.0351556,"[3, 5, 16, 17, 22, 23, 25, 33, 42, 49]",1.0143770737889832
../output/patients/utility2/Anonymized/2/0_5_1_4.json,255353211.50956562,237327550.21606696,"[3, 22, 23, 25, 30, 32, 33, 38, 42, 49]",1.01634409089793
../output/patients/utility2/Anonymized/2/0_4_0_3.json,225549635.27618772,233511024.80104983,"[2, 3, 5, 9, 16, 17, 22, 23, 29, 33]",1.0
../output/patients/utility2/Anonymized/2/1_5_1_2.json,233806402.2811408,233511024.80104983,"[2, 3, 5, 9, 16, 17, 22, 23, 29, 33]",1.0
../output/patients/utility2/Anonymized/2/1_2_2_4.json,246977449.89276868,237327550.21606696,"[3, 22, 23, 25, 30, 32, 33, 38, 42, 49]",1.01634409089793
../output/patients/utility2/Anonymized/2/1_5_0_4.json,252985964.90467253,237125718.1641423,"[2, 3, 22, 23, 25, 29, 30, 32, 33, 38]",1.0154797546118954
../output/patients/utility2/Anonymized/2/1_4_2_1.json,258433281.24995258,237327550.21606696,"[3, 22, 23, 25, 30, 32, 33, 38, 42, 49]",1.01634409089793
../output/patients/utility2/Anonymized/2/0_0_0_5.json,241623441.7471702,237327550.21606696,"[3, 22, 23, 25, 30, 32, 33, 38, 42, 49]",1.01634409089793
../output/patients/utility2/Anonymized/2/0_4_1_5.json,245545681.4725133,237327550.21606696,"[3, 22, 23, 25, 30, 32, 33, 38, 42, 49]",1.01634409089793
../output/patients/utility2/Anonymized/2/1_1_1_4.json,238962211.46429485,237553497.03039983,"[3, 16, 17, 22, 23, 25, 32, 33, 42, 49]",1.0173116975217515
../output/patients/utility2/Anonymized/2/0_3_2_3.json,230174801.2174241,236641054.34380406,"[2, 3, 5, 8, 9, 16, 17, 29, 33, 34]",1.0134042045570268
../output/patients/utility2/Anonymized/2/1_3_0_5.json,241544613.36140004,237327550.21606696,"[3, 22, 23, 25, 30, 32, 33, 38, 42, 49]",1.01634409089793
../output/patients/utility2/Anonymized/2/0_5_2_2.json,237596815.0158065,233511024.80104983,"[2, 3, 5, 9, 16, 17, 22, 23, 29, 33]",1.0
../output/patients/utility2/Anonymized/2/0_2_1_4.json,241113073.26112738,237553497.03039983,"[3, 16, 17, 22, 23, 25, 32, 33, 42, 49]",1.0173116975217515
../output/patients/utility2/Anonymized/2/1_0_2_3.json,259522110.34065622,237327550.21606696,"[3, 22, 23, 25, 30, 32, 33, 38, 42, 49]",1.01634409089793
../output/patients/utility2/Anonymized/2/0_4_1_1.json,260864496.83561167,237327550.21606696,"[3, 22, 23, 25, 30, 32, 33, 38, 42, 49]",1.01634409089793
../output/patients/utility2/Anonymized/2/0_2_0_2.json,259874488.2179191,235283385.7577873,"[3, 16, 17, 19, 22, 23, 32, 33, 42, 49]",1.0075900525820891
../output/patients/utility2/Anonymized/2/1_4_2_5.json,248417734.7872832,235283385.7577873,"[3, 16, 17, 19, 22, 23, 32, 33, 42, 49]",1.0075900525820891
../output/patients/utility2/Anonymized/2/0_1_2_4.json,248260729.69762576,237553497.03039983,"[3, 16, 17, 22, 23, 25, 32, 33, 42, 49]",1.0173116975217515
../output/patients/utility2/Anonymized/2/1_3_1_3.json,222847969.68788075,233511024.80104983,"[2, 3, 5, 9, 16, 17, 22, 23, 29, 33]",1.0
../output/patients/utility2/Anonymized/2/0_4_0_2.json,253440012.67043647,236048259.03782734,"[3, 16, 22, 23, 30, 32, 33, 38, 42, 49]",1.010865586491855
../output/patients/utility2/Anonymized/2/1_1_0_3.json,239404631.4846761,233511024.80104983,"[2, 3, 5, 9, 16, 17, 22, 23, 29, 33]",1.0
../output/patients/utility2/Anonymized/2/1_5_1_3.json,243706354.28783143,233511024.80104983,"[2, 3, 5, 9, 16, 17, 22, 23, 29, 33]",1.0
../output/patients/utility2/Anonymized/2/1_2_2_5.json,248968372.03916478,237553497.03039983,"[3, 16, 17, 22, 23, 25, 32, 33, 42, 49]",1.0173116975217515
../output/patients/utility2/Anonymized/2/1_5_0_5.json,252956967.26239756,237327550.21606696,"[3, 22, 23, 25, 30, 32, 33, 38, 42, 49]",1.01634409089793
../output/patients/utility2/Anonymized/2/0_0_0_4.json,255540835.68074858,236048259.03782734,"[3, 16, 22, 23, 30, 32, 33, 38, 42, 49]",1.010865586491855
../output/patients/utility2/Anonymized/2/0_4_1_4.json,241914442.06750515,236868230.0351556,"[3, 5, 16, 17, 22, 23, 25, 33, 42, 49]",1.0143770737889832
../output/patients/utility2/Anonymized/2/0_3_2_2.json,254502701.13010558,234252782.0946046,"[3, 5, 9, 16, 17, 22, 23, 33, 42, 49]",1.003176540782975
../output/patients/utility2/Anonymized/2/1_1_1_5.json,240118682.31549096,237327550.21606696,"[3, 22, 23, 25, 30, 32, 33, 38, 42, 49]",1.01634409089793
../output/patients/utility2/Anonymized/2/1_3_0_4.json,239823275.57776994,237553497.03039983,"[3, 16, 17, 22, 23, 25, 32, 33, 42, 49]",1.0173116975217515
../output/patients/utility2/Anonymized/2/0_5_2_3.json,252867639.3004168,233511024.80104983,"[2, 3, 5, 9, 16, 17, 22, 23, 29, 33]",1.0
../output/patients/utility2/Anonymized/2/0_2_1_5.json,244312553.92963925,237327550.21606696,"[3, 22, 23, 25, 30, 32, 33, 38, 42, 49]",1.01634409089793
../output/patients/utility2/Anonymized/2/0_2_0_3.json,239693987.5574884,233511024.80104983,"[2, 3, 5, 9, 16, 17, 22, 23, 29, 33]",1.0
../output/patients/utility2/Anonymized/2/1_4_2_4.json,248177264.36906415,237327550.21606696,"[3, 22, 23, 25, 30, 32, 33, 38, 42, 49]",1.01634409089793
../output/patients/utility2/Anonymized/2/1_5_0_1.json,255475695.53964236,237327550.21606696,"[3, 22, 23, 25, 30, 32, 33, 38, 42, 49]",1.01634409089793
../output/patients/utility2/Anonymized/2/1_3_1_2.json,251113626.67837346,234252782.0946046,"[3, 5, 9, 16, 17, 22, 23, 33, 42, 49]",1.003176540782975
../output/patients/utility2/Anonymized/2/0_1_2_5.json,253690873.01441267,236048259.03782734,"[3, 16, 22, 23, 30, 32, 33, 38, 42, 49]",1.010865586491855
../output/patients/utility2/Anonymized/2/1_2_0_5.json,243550615.44074103,236048259.03782734,"[3, 16, 22, 23, 30, 32, 33, 38, 42, 49]",1.010865586491855
../output/patients/utility2/Anonymized/2/1_1_2_3.json,228885047.9380562,233511024.80104983,"[2, 3, 5, 9, 16, 17, 22, 23, 29, 33]",1.0
../output/patients/utility2/Anonymized/2/0_3_1_4.json,243389578.2733052,237553497.03039983,"[3, 16, 17, 22, 23, 25, 32, 33, 42, 49]",1.0173116975217515
../output/patients/utility2/Anonymized/2/0_4_2_2.json,240724707.4799512,233511024.80104983,"[2, 3, 5, 9, 16, 17, 22, 23, 29, 33]",1.0
../output/patients/utility2/Anonymized/2/0_3_0_2.json,257786865.37173352,237327550.21606696,"[3, 22, 23, 25, 30, 32, 33, 38, 42, 49]",1.01634409089793
../output/patients/utility2/Anonymized/2/0_5_1_1.json,258606697.94741476,237327550.21606696,"[3, 22, 23, 25, 30, 32, 33, 38, 42, 49]",1.01634409089793
../output/patients/utility2/Anonymized/2/1_2_1_3.json,219406613.0261767,235247376.0413974,"[2, 3, 5, 9, 16, 17, 21, 22, 29, 33]",1.0074358426623622
../output/patients/utility2/Anonymized/2/0_0_2_4.json,243438314.7849666,236641054.34380406,"[2, 3, 5, 8, 9, 16, 17, 29, 33, 34]",1.0134042045570268
../output/patients/utility2/Anonymized/2/0_5_0_3.json,238466728.73637217,233511024.80104983,"[2, 3, 5, 9, 16, 17, 22, 23, 29, 33]",1.0
../output/patients/utility2/Anonymized/2/0_1_1_3.json,256235671.9146933,236642283.22082272,"[3, 5, 22, 23, 25, 30, 33, 38, 42, 49]",1.0134094671651614
../output/patients/utility2/Anonymized/2/1_3_2_4.json,245620934.59649387,237327550.21606696,"[3, 22, 23, 25, 30, 32, 33, 38, 42, 49]",1.01634409089793
../output/patients/utility2/Anonymized/2/1_4_1_2.json,236388688.3107631,233511024.80104983,"[2, 3, 5, 9, 16, 17, 22, 23, 29, 33]",1.0
../output/patients/utility2/Anonymized/2/0_1_0_5.json,244135427.34121165,237327550.21606696,"[3, 22, 23, 25, 30, 32, 33, 38, 42, 49]",1.01634409089793
../output/patients/utility2/Anonymized/2/1_5_2_1.json,253046510.17509526,234252782.0946046,"[3, 5, 9, 16, 17, 22, 23, 33, 42, 49]",1.003176540782975
../output/patients/utility2/Anonymized/2/1_4_0_4.json,239562969.30426875,235283385.7577873,"[3, 16, 17, 19, 22, 23, 32, 33, 42, 49]",1.0075900525820891
../output/patients/utility2/Anonymized/2/0_2_2_3.json,227342429.85392588,233511024.80104983,"[2, 3, 5, 9, 16, 17, 22, 23, 29, 33]",1.0
../output/patients/utility2/Anonymized/2/1_0_1_4.json,232900122.48068202,237761438.3972581,"[2, 3, 8, 9, 16, 17, 29, 32, 33, 34]",1.0182021966621473
../output/patients/utility2/Anonymized/2/0_5_1_5.json,259668354.2732495,236048259.03782734,"[3, 16, 22, 23, 30, 32, 33, 38, 42, 49]",1.010865586491855
../output/patients/utility2/Anonymized/2/0_2_1_3.json,235567829.37186745,233511024.80104983,"[2, 3, 5, 9, 16, 17, 22, 23, 29, 33]",1.0
../output/patients/utility2/Anonymized/2/1_0_2_4.json,243483468.00623313,237473709.46307102,"[2, 3, 8, 11, 16, 17, 22, 29, 32, 33]",1.016970011010818
../output/patients/utility2/Anonymized/2/0_5_2_5.json,263329578.8622116,237327550.21606696,"[3, 22, 23, 25, 30, 32, 33, 38, 42, 49]",1.01634409089793
../output/patients/utility2/Anonymized/2/1_3_0_2.json,251030651.09902933,234252782.0946046,"[3, 5, 9, 16, 17, 22, 23, 33, 42, 49]",1.003176540782975
../output/patients/utility2/Anonymized/2/1_5_1_1.json,256648098.41727358,237327550.21606696,"[3, 22, 23, 25, 30, 32, 33, 38, 42, 49]",1.01634409089793
../output/patients/utility2/Anonymized/2/0_1_2_3.json,247415725.93175364,233511024.80104983,"[2, 3, 5, 9, 16, 17, 22, 23, 29, 33]",1.0
../output/patients/utility2/Anonymized/2/1_3_1_4.json,240414957.27445778,237327550.21606696,"[3, 22, 23, 25, 30, 32, 33, 38, 42, 49]",1.01634409089793
../output/patients/utility2/Anonymized/2/1_4_2_2.json,234123091.0262319,233511024.80104983,"[2, 3, 5, 9, 16, 17, 22, 23, 29, 33]",1.0
../output/patients/utility2/Anonymized/2/0_2_0_5.json,243989973.9747462,237327550.21606696,"[3, 22, 23, 25, 30, 32, 33, 38, 42, 49]",1.01634409089793
../output/patients/utility2/Anonymized/2/1_2_2_3.json,226785864.15382633,236641054.34380406,"[2, 3, 5, 8, 9, 16, 17, 29, 33, 34]",1.0134042045570268
../output/patients/utility2/Anonymized/2/0_0_1_4.json,252280981.1659624,237327550.21606696,"[3, 22, 23, 25, 30, 32, 33, 38, 42, 49]",1.01634409089793
../output/patients/utility2/Anonymized/2/1_5_1_5.json,255789525.01529357,236048259.03782734,"[3, 16, 22, 23, 30, 32, 33, 38, 42, 49]",1.010865586491855
../output/patients/utility2/Anonymized/2/1_1_0_5.json,240478700.01621097,237327550.21606696,"[3, 22, 23, 25, 30, 32, 33, 38, 42, 49]",1.01634409089793
../output/patients/utility2/Anonymized/2/0_5_2_1.json,258425011.21457228,237327550.21606696,"[3, 22, 23, 25, 30, 32, 33, 38, 42, 49]",1.01634409089793
../output/patients/utility2/Anonymized/2/0_4_0_4.json,242149225.93462855,235283385.7577873,"[3, 16, 17, 19, 22, 23, 32, 33, 42, 49]",1.0075900525820891
../output/patients/utility2/Anonymized/2/1_1_1_3.json,238550547.7872861,233511024.80104983,"[2, 3, 5, 9, 16, 17, 22, 23, 29, 33]",1.0
../output/patients/utility2/Anonymized/2/0_3_2_4.json,250025098.23115712,237327550.21606696,"[3, 22, 23, 25, 30, 32, 33, 38, 42, 49]",1.01634409089793
../output/patients/utility2/Anonymized/2/0_4_1_2.json,251006163.25483865,234598118.76254308,"[3, 5, 16, 17, 19, 22, 23, 33, 42, 49]",1.0046554288493208
../output/patients/utility2/Anonymized/2/1_5_0_3.json,240681744.4296666,233511024.80104983,"[2, 3, 5, 9, 16, 17, 22, 23, 29, 33]",1.0
../output/patients/utility2/Anonymized/2/1_4_1_4.json,241281138.07799906,237327550.21606696,"[3, 22, 23, 25, 30, 32, 33, 38, 42, 49]",1.01634409089793
../output/patients/utility2/Anonymized/2/1_3_2_2.json,241696728.1621908,233511024.80104983,"[2, 3, 5, 9, 16, 17, 22, 23, 29, 33]",1.0
../output/patients/utility2/Anonymized/2/0_1_1_5.json,244078800.1715286,237327550.21606696,"[3, 22, 23, 25, 30, 32, 33, 38, 42, 49]",1.01634409089793
../output/patients/utility2/Anonymized/2/0_5_0_5.json,256671403.92184135,237327550.21606696,"[3, 22, 23, 25, 30, 32, 33, 38, 42, 49]",1.01634409089793
../output/patients/utility2/Anonymized/2/1_0_0_4.json,235812588.4542374,236641054.34380406,"[2, 3, 5, 8, 9, 16, 17, 29, 33, 34]",1.0134042045570268
../output/patients/utility2/Anonymized/2/0_5_1_3.json,243454506.0829644,233511024.80104983,"[2, 3, 5, 9, 16, 17, 22, 23, 29, 33]",1.0
../output/patients/utility2/Anonymized/2/0_2_2_5.json,250915220.1612358,237327550.21606696,"[3, 22, 23, 25, 30, 32, 33, 38, 42, 49]",1.01634409089793
../output/patients/utility2/Anonymized/2/1_4_0_2.json,240389338.28386414,233511024.80104983,"[2, 3, 5, 9, 16, 17, 22, 23, 29, 33]",1.0
../output/patients/utility2/Anonymized/2/0_1_0_3.json,256794758.35516542,236642283.22082272,"[3, 5, 22, 23, 25, 30, 33, 38, 42, 49]",1.0134094671651614
../output/patients/utility2/Anonymized/2/0_4_2_4.json,250247081.9412811,237327550.21606696,"[3, 22, 23, 25, 30, 32, 33, 38, 42, 49]",1.01634409089793
../output/patients/utility2/Anonymized/2/0_5_0_1.json,261080323.45174918,237553497.03039983,"[3, 16, 17, 22, 23, 25, 32, 33, 42, 49]",1.0173116975217515
../output/patients/utility2/Anonymized/2/0_3_1_2.json,258580946.9938052,237553497.03039983,"[3, 16, 17, 22, 23, 25, 32, 33, 42, 49]",1.0173116975217515
../output/patients/utility2/Anonymized/2/1_1_2_5.json,247056235.4632766,237327550.21606696,"[3, 22, 23, 25, 30, 32, 33, 38, 42, 49]",1.01634409089793
../output/patients/utility2/Anonymized/2/1_2_0_3.json,224310746.64025837,233511024.80104983,"[2, 3, 5, 9, 16, 17, 22, 23, 29, 33]",1.0
../output/patients/utility2/Anonymized/2/1_5_2_3.json,251019401.35193887,233511024.80104983,"[2, 3, 5, 9, 16, 17, 22, 23, 29, 33]",1.0
../output/patients/utility2/Anonymized/2/1_2_1_5.json,241827052.62623128,237327550.21606696,"[3, 22, 23, 25, 30, 32, 33, 38, 42, 49]",1.01634409089793
../output/patients/utility2/Anonymized/2/0_3_0_4.json,241470271.41996846,237553497.03039983,"[3, 16, 17, 22, 23, 25, 32, 33, 42, 49]",1.0173116975217515
../output/patients/utility2/Anonymized/2/1_4_1_5.json,242236182.76602727,237327550.21606696,"[3, 22, 23, 25, 30, 32, 33, 38, 42, 49]",1.01634409089793
../output/patients/utility2/Anonymized/2/0_1_1_4.json,241329903.49913704,238559438.07404488,"[2, 3, 11, 16, 17, 22, 25, 29, 32, 33]",1.0216195928106446
../output/patients/utility2/Anonymized/2/1_3_2_3.json,236560880.7807334,233511024.80104983,"[2, 3, 5, 9, 16, 17, 22, 23, 29, 33]",1.0
../output/patients/utility2/Anonymized/2/0_5_0_4.json,254102046.45211184,237553497.03039983,"[3, 16, 17, 22, 23, 25, 32, 33, 42, 49]",1.0173116975217515
../output/patients/utility2/Anonymized/2/0_4_2_1.json,258737826.32702214,237327550.21606696,"[3, 22, 23, 25, 30, 32, 33, 38, 42, 49]",1.01634409089793
../output/patients/utility2/Anonymized/2/1_0_0_5.json,237448972.9860449,237327550.21606696,"[3, 22, 23, 25, 30, 32, 33, 38, 42, 49]",1.01634409089793
../output/patients/utility2/Anonymized/2/0_5_1_2.json,239108400.30982932,233511024.80104983,"[2, 3, 5, 9, 16, 17, 22, 23, 29, 33]",1.0
../output/patients/utility2/Anonymized/2/0_2_2_4.json,249299504.95537144,237327550.21606696,"[3, 22, 23, 25, 30, 32, 33, 38, 42, 49]",1.01634409089793
../output/patients/utility2/Anonymized/2/1_4_0_3.json,228068752.02722654,233511024.80104983,"[2, 3, 5, 9, 16, 17, 22, 23, 29, 33]",1.0
../output/patients/utility2/Anonymized/2/0_4_2_5.json,251095608.9336301,237327550.21606696,"[3, 22, 23, 25, 30, 32, 33, 38, 42, 49]",1.01634409089793
../output/patients/utility2/Anonymized/2/1_1_2_4.json,246352007.06828162,237553497.03039983,"[3, 16, 17, 22, 23, 25, 32, 33, 42, 49]",1.0173116975217515
../output/patients/utility2/Anonymized/2/0_3_1_3.json,222650915.1735591,233511024.80104983,"[2, 3, 5, 9, 16, 17, 22, 23, 29, 33]",1.0
../output/patients/utility2/Anonymized/2/1_4_1_1.json,259098003.17558405,237553497.03039983,"[3, 16, 17, 22, 23, 25, 32, 33, 42, 49]",1.0173116975217515
../output/patients/utility2/Anonymized/2/1_2_0_2.json,258998086.60616076,235283385.7577873,"[3, 16, 17, 19, 22, 23, 32, 33, 42, 49]",1.0075900525820891
../output/patients/utility2/Anonymized/2/1_5_2_2.json,243009844.71450046,233511024.80104983,"[2, 3, 5, 9, 16, 17, 22, 23, 29, 33]",1.0
../output/patients/utility2/Anonymized/2/1_2_1_4.json,238615056.42341003,237327550.21606696,"[3, 22, 23, 25, 30, 32, 33, 38, 42, 49]",1.01634409089793
../output/patients/utility2/Anonymized/2/0_3_0_5.json,242422251.06213123,237327550.21606696,"[3, 22, 23, 25, 30, 32, 33, 38, 42, 49]",1.01634409089793
../output/patients/utility2/Anonymized/2/1_0_2_5.json,247159696.31902307,237327550.21606696,"[3, 22, 23, 25, 30, 32, 33, 38, 42, 49]",1.01634409089793
../output/patients/utility2/Anonymized/2/0_2_1_2.json,259765859.86079115,237327550.21606696,"[3, 22, 23, 25, 30, 32, 33, 38, 42, 49]",1.01634409089793
../output/patients/utility2/Anonymized/2/0_4_0_1.json,258148623.6293086,237327550.21606696,"[3, 22, 23, 25, 30, 32, 33, 38, 42, 49]",1.01634409089793
../output/patients/utility2/Anonymized/2/0_5_2_4.json,260130163.1443873,237553497.03039983,"[3, 16, 17, 22, 23, 25, 32, 33, 42, 49]",1.0173116975217515
../output/patients/utility2/Anonymized/2/1_3_0_3.json,223591653.13843584,233511024.80104983,"[2, 3, 5, 9, 16, 17, 22, 23, 29, 33]",1.0
../output/patients/utility2/Anonymized/2/1_3_1_5.json,240060416.37474793,235283385.7577873,"[3, 16, 17, 19, 22, 23, 32, 33, 42, 49]",1.0075900525820891
../output/patients/utility2/Anonymized/2/1_4_2_3.json,237118832.15829936,233511024.80104983,"[2, 3, 5, 9, 16, 17, 22, 23, 29, 33]",1.0
../output/patients/utility2/Anonymized/2/0_2_0_4.json,240301680.5955938,238761270.1259696,"[3, 11, 16, 17, 22, 25, 32, 33, 42, 49]",1.0224839290966794
../output/patients/utility2/Anonymized/2/0_0_1_5.json,244438457.72395328,237327550.21606696,"[3, 22, 23, 25, 30, 32, 33, 38, 42, 49]",1.01634409089793
../output/patients/utility2/Anonymized/2/1_2_2_2.json,254694856.09828478,234938049.0898489,"[3, 9, 16, 17, 22, 23, 32, 33, 42, 49]",1.0061111645157435
../output/patients/utility2/Anonymized/2/1_5_1_4.json,253314533.23471823,237553497.03039983,"[3, 16, 17, 22, 23, 25, 32, 33, 42, 49]",1.0173116975217515
../output/patients/utility2/Anonymized/2/1_1_0_4.json,238708688.2080632,237553497.03039983,"[3, 16, 17, 22, 23, 25, 32, 33, 42, 49]",1.0173116975217515
../output/patients/utility2/Anonymized/2/0_4_0_5.json,244065656.23071194,237327550.21606696,"[3, 22, 23, 25, 30, 32, 33, 38, 42, 49]",1.01634409089793
../output/patients/utility2/Anonymized/2/0_3_2_5.json,250328232.42051807,237327550.21606696,"[3, 22, 23, 25, 30, 32, 33, 38, 42, 49]",1.01634409089793
../output/patients/utility2/Anonymized/2/0_4_1_3.json,227692342.32305664,233511024.80104983,"[2, 3, 5, 9, 16, 17, 22, 23, 29, 33]",1.0
../output/patients/utility2/Anonymized/2/1_5_0_2.json,236655730.04010594,233511024.80104983,"[2, 3, 5, 9, 16, 17, 22, 23, 29, 33]",1.0
../output/patients/utility2/Synthetic/tvae_1_syn.json,204373643.60150257,236642283.22082272,"[3, 5, 22, 23, 25, 30, 33, 38, 42, 49]",1.0134094671651614
../output/patients/utility2/Synthetic/ctgan_1_syn.json,236256293.66301978,233997343.01750815,"[2, 3, 5, 16, 17, 19, 22, 23, 29, 33]",1.0020826349285763
../output/patients/utility2/Synthetic/ddpm_2_syn.json,165760868.49899343,248051660.74700874,"[3, 5, 14, 16, 22, 29, 30, 33, 38, 46]",1.0622695907328035
../output/patients/utility2/Synthetic/ddpm_4_syn.json,164397432.2974268,259098691.10677183,"[3, 5, 14, 15, 16, 17, 22, 29, 33, 46]",1.1095779795730096
../output/patients/utility2/Synthetic/tvae_0_syn.json,203818071.92065674,236041507.47578782,"[2, 3, 5, 22, 23, 25, 29, 30, 33, 38]",1.0108366732444172
../output/patients/utility2/Synthetic/ddpm_3_syn.json,165704301.741674,259098691.10677183,"[3, 5, 14, 15, 16, 17, 22, 29, 33, 46]",1.1095779795730096
../output/patients/utility2/Synthetic/ctgan_0_syn.json,235717605.34816015,233997343.01750815,"[2, 3, 5, 16, 17, 19, 22, 23, 29, 33]",1.0020826349285763
../output/patients/utility2/Synthetic/ctgan_3_syn.json,238056156.0623208,233511024.80104983,"[2, 3, 5, 9, 16, 17, 22, 23, 29, 33]",1.0
../output/patients/utility2/Synthetic/tvae_4_syn.json,203977097.48253894,236041507.47578782,"[2, 3, 5, 22, 23, 25, 29, 30, 33, 38]",1.0108366732444172
../output/patients/utility2/Synthetic/ddpm_0_syn.json,166286414.5402621,248051660.74700874,"[3, 5, 14, 16, 22, 29, 30, 33, 38, 46]",1.0622695907328035
../output/patients/utility2/Synthetic/tvae_3_syn.json,204329800.54929128,236041507.47578782,"[2, 3, 5, 22, 23, 25, 29, 30, 33, 38]",1.0108366732444172
../output/patients/utility2/Synthetic/ctgan_4_syn.json,237244873.16480508,233997343.01750815,"[2, 3, 5, 16, 17, 19, 22, 23, 29, 33]",1.0020826349285763
../output/patients/utility2/Synthetic/ddpm_1_syn.json,165988751.3677381,259098691.10677183,"[3, 5, 14, 15, 16, 17, 22, 29, 33, 46]",1.1095779795730096
../output/patients/utility2/Synthetic/ctgan_2_syn.json,238581845.2293611,233997343.01750815,"[2, 3, 5, 16, 17, 19, 22, 23, 29, 33]",1.0020826349285763
../output/patients/utility2/Synthetic/tvae_2_syn.json,204332801.86245498,236041507.47578782,"[2, 3, 5, 22, 23, 25, 29, 30, 33, 38]",1.0108366732444172
